StartDate,EndDate,Status,Progress,Duration__in_seconds_,Finished,RecordedDate,ResponseId,DistributionChannel,UserLanguage,Q_RecaptchaScore,Consent,AC1,LoF_Depression_1,LoF_Depression_2,LoF_Depression_3,LoF_Depression_4,LoF_Depression_5,LoF_Depression_6,LoF_Depression_7,LoF_Depression_8,LoF_Depression_9,LoF_Depression_10,LoF_Depression_11,LoF_Depression_0,LoF_Epilepsy_1,LoF_Epilepsy_2,LoF_Epilepsy_3,LoF_Epilepsy_4,LoF_Epilepsy_5,LoF_Epilepsy_6,LoF_Epilepsy_7,LoF_Epilepsy_8,LoF_Epilepsy_9,LoF_Epilepsy_10,LoF_Epilepsy_11,LoF_Epilepsy_0,EK_Q1,EK_Q2,EK_Q3,EK_Q4,EK_Q5,DK_Q1,DK_Q2,DK_Q3,DK_Q4,DK_Q5,AQ_Pity,AQ_Danger,AQ_Fear,AQ_Blame,AQ_Anger,AQ_No_Help,AQ_Coercion,AC2,SDS_Neighbour,SDS_Socialise,SDS_Friends,SDS_Work,SDS_Marry,SDS_Rent,SDS_Hire,Age,Gender,Gender_TEXT,AC3,Status_Employed,Status_Unemployed,Status_Student,Status_Retired,Status_Other,Status_PNTS,Education,Education_TEXT,UK_Resident,NonUK_Resident,EKT,DKT,AQT,SDST,ACT,Source,Vignette,Create_a_New_Field_or_Choose_from_the_Drop_down...,Q_UnansweredPercentage,Q_UnansweredQuestions,Epilepsy_Condition,Depression_Condition,SDS_Total_pSM,AQ_Total_pSM,LoF_Depression_Total,LoF_Epilepsy_Total,Has_Depression_Self,Has_Epilepsy_Self,AQ_Resid,SDS_Resid,AQ_Total_pSM_sqrt,AQT_sqrt,AQ_swrt_RES,SDST_log10,SDST_sqrt,Employment_Status_Single,VignetteAR,Control_D,Depression_D,Epilepsy_D,Both_D,Gender_Recoded,Gender_reRE
5/22/2025 20:51:37,5/22/2025 20:58:47,0,100,429,1,5/22/2025 20:58:48,R_9uPeqrrnTInYy6W,anonymous,EN-GB,.899999976158142,1,9, ,1,1, ,1, , , , , , , ,1, , , , , , , , , , , ,0,0,0,1,0,0,1,1,1,1,8,2,2,2,2,2,2,9,2,2,2,2,3,2,2,1,1, ,1, , ,1, , , ,6, ,0, ,1,2,20,15,3,Interpals,Depression, ,0, ,0,1,19.047619047619,23.2142857142857,5,1,0,0,-6.0185185185185,4.10052910052909,4.81812055829716,4.47213595499958,-.299357095886094,1.20411998265592,3.87298334620742,1,2,0,1,0,0,1,1
5/28/2025 19:27:42,5/28/2025 19:33:27,0,100,345,1,5/28/2025 19:33:28,R_2v19wk5qRLyEXh6,anonymous,EN-GB,.699999988079071,1,9, ,1,1,1,1,1, ,1,1,1, , , ,1,1, ,1, , , , , , , ,1,0,1,0,0,0,3,1,2,1,8,3,2,1,1,2,5,9,2,2,2,2,2,2,2,1,1, ,1,1, ,1, , , ,6, ,1, ,2,3,22,14,3,Flyer,Epilepsy, ,0, ,1,0,16.6666666666667,26.7857142857143,10,5,0,0,3.53896103896103,8.87445887445887,5.17549169506766,4.69041575982343,.275393798150703,1.17609125905568,3.74165738677394,1,3,0,0,1,0,1,1
5/29/2025 16:33:30,5/29/2025 16:37:15,0,100,224,1,5/29/2025 16:37:15,R_8cUOhKBBTbeWezh,anonymous,EN-GB,.899999976158142,1,9, ,1, , ,1, , , , , , , ,1, , , , , , , , , , , ,0,0,1,1,0,0,1,1,2,1,4,3,2,1,2,5,5,9,2,2,2,2,2,2,2,1,1, ,1,1, , , , , ,6, ,1, ,2,3,22,14,3,Reddit,Control, ,0, ,0,0,16.6666666666667,26.7857142857143,5,1,0,0,14.9258760107817,11.5453728661276,5.17549169506766,4.69041575982343,1.05228762827423,1.17609125905568,3.74165738677394,3,1,1,0,0,0,1,1
5/22/2025 20:51:00,5/22/2025 20:54:23,0,100,203,1,5/22/2025 20:54:24,R_2HuJBIsZmnBnsmz,anonymous,EN-GB,.899999976158142,1,9, , ,1,1, , , , , , ,1, ,1, , , , , , , , , , , ,1,0,0,1,0,0,2,1,2,1,9,1,1,1,1,1,5,9,1,1,1,1,1,1,1,1,1, ,1,1, , , , , ,6, ,1, ,2,4,19,7,3,Interpals,Control, ,0, ,0,0,0,21.4285714285714,11,1,1,0,9.56873315363882,-5.12129380053908,4.62910049886276,4.35889894354067,.72077081199147,.903089986991944,2.64575131106459,3,1,1,0,0,0,1,1
5/22/2025 22:05:06,5/22/2025 22:11:47,0,100,401,1,5/22/2025 22:11:47,R_8mPD3EK8GfJumnD,anonymous,EN-GB,.699999988079071,1,9, , , , , ,1, , , , , , ,1, , , , , , , , , , , ,1,0,0,0,0,0,3,3,2,1,6,2,2,2,2,3,7,9,2,2,2,3,3,3,3,2,1, ,1,1, , , , , ,6, ,1, ,1,2,24,18,3,Interpals,Depression, ,0, ,0,1,26.1904761904762,30.3571428571429,6,1,0,0,1.12433862433863,11.2433862433862,5.5097316501934,4.89897948556636,.127486434680682,1.27875360095283,4.24264068711928,3,2,0,1,0,0,1,1
5/26/2025 17:35:23,5/26/2025 17:40:12,0,100,288,1,5/26/2025 17:40:12,R_2qvOQJDwBuPWeYj,anonymous,EN-GB,.899999976158142,1,9, ,1,1,1, ,1,1,1,1,1, , , ,1, , ,1, , ,1, , , , ,1,0,1,0,0,1,2,1,2,1,1,5,1,1,1,1,9,9,1,1,1,1,3,1,4,2,1, ,1,1, , , , , ,6, ,1, ,2,5,19,12,3,Flyer,Epilepsy & Depression, ,0, ,1,1,11.9047619047619,21.4285714285714,10,8,0,0,-2.91005291005295,1.63139329805994,4.62910049886276,4.35889894354067,-.113819986065696,1.11394335230684,3.46410161513775,3,4,0,0,0,1,1,1
5/22/2025 21:12:51,5/22/2025 21:20:32,0,100,461,1,5/22/2025 21:20:33,R_8SD1eBur4iGhnGG,anonymous,EN-GB,.899999976158142,1,9, , , , ,1, , ,1,1, , , , , , , , , , , ,1,1, , ,1,1,1,0,0,0,3,1,3,1,7,1,1,1,1,9,1,9,1,1,1,1,1,1,1,2,1, ,1,1, , , , , ,6, ,1, ,3,2,21,7,3,Interpals,Control, ,0, ,0,0,0,25,9,10,0,0,13.1401617250674,-5.12129380053908,5,4.58257569495584,.944447563406636,.903089986991944,2.64575131106459,3,1,1,0,0,0,1,1
5/22/2025 16:22:50,5/22/2025 16:30:20,0,100,450,1,5/22/2025 16:30:21,R_8Tq2cKObOXa2698,anonymous,EN-GB,.800000011920929,1,9, ,1,1,1, ,1, , ,1, ,1, , ,1,1, , , , , , , , , ,1,0,1,0,1,0,2,3,3,1,1,1,1,2,1,3,1,9,2,2,2,2,2,2,2,2,1, ,1, , ,1, , , ,6, ,1, ,3,2,10,14,3,Interpals,Control, ,0, ,0,0,16.6666666666667,5.35714285714286,11,3,1,0,-6.50269541778975,11.5453728661276,2.31455024943138,3.16227766016838,-.475850471380824,1.17609125905568,3.74165738677394,1,1,1,0,0,0,1,1
5/25/2025 14:38:04,5/25/2025 14:47:16,0,100,552,1,5/25/2025 14:47:17,R_8gcmeOJKiPFKggq,anonymous,EN-GB,1,1,9, ,1,1, , , , ,1, ,1,1, ,1, , , , , , , , , , , ,1,0,1,1,1,1,2,1,2,1,8,2,3,2,1,7,5,9,2,1,1,2,2,2,3,2,1, ,1,1, , , , , ,6, ,1, ,4,5,28,13,3,SurveySwap,Depression, ,0, ,0,1,14.2857142857143,37.5,11,1,1,0,8.26719576719578,-.661375661375668,6.12372435695795,5.29150262212918,.520009571243508,1.14612803567824,3.60555127546399,3,2,0,1,0,0,1,1
5/26/2025 22:00:46,5/26/2025 22:05:46,0,100,300,1,5/26/2025 22:05:47,R_21yx9F7VaNETNSh,anonymous,EN-GB,.800000011920929,1,9, ,1,1,1,1,1, , , , ,1, ,1, , , , , , , , , , , ,0,0,0,0,0,0,3,1,3,1,8,1,1,1,1,3,1,9,1,1,1,1,2,2,2,2,1, ,1,1, , , , , ,6, ,1, ,0,2,16,10,3,Flyer,Epilepsy, ,0, ,1,0,7.14285714285714,16.0714285714286,11,1,1,0,-7.17532467532468,-.649350649350657,4.00891862868637,4,-.415021961672727,1.04139268515823,3.16227766016838,3,3,0,0,1,0,1,1
5/24/2025 17:28:56,5/24/2025 17:36:03,0,100,427,1,5/24/2025 17:36:03,R_8d4D3Tg0RUV5ICU,anonymous,EN-GB,.699999988079071,1,9, ,1,1,1,1,1, ,1,1,1,1, , ,1,1, , , , , , , , , ,1,0,0,1,0,1,2,1,2,1,2,1,1,1,1,1,1,9,1,1,1,1,1,1,1,2,1, ,1,1, , , , , ,6, ,1, ,2,5,8,7,3,Flyer,Control, ,0, ,0,0,0,1.78571428571429,11,3,1,0,-10.0741239892183,-5.12129380053908,1.33630620956212,2.82842712474619,-.809701006803014,.903089986991944,2.64575131106459,3,1,1,0,0,0,1,1
5/24/2025 20:16:39,5/24/2025 20:22:58,0,100,378,1,5/24/2025 20:22:58,R_8aftGyZKyygGZ35,anonymous,EN-GB,.899999976158142,1,9, ,1,1,1, ,1, ,1,1,1,1, , ,1,1, , , , , , , , , ,1,0,0,0,0,0,2,1,2,1,8,5,1,1,1,5,4,9,1,2,2,1,2,2,1,2,1, ,1,1, , , , , ,6, ,1, ,1,4,25,11,3,Flyer,Epilepsy & Depression, ,0, ,1,1,9.52380952380952,32.1428571428571,11,3,1,0,7.80423280423277,-.749559082892436,5.66946709513841,5,.52728107039363,1.07918124604762,3.3166247903554,3,4,0,0,0,1,1,1
5/22/2025 21:09:38,5/22/2025 21:18:10,0,100,511,1,5/22/2025 21:18:10,R_2OOficzZIkYFZuo,anonymous,EN-GB,.699999988079071,1,9, ,1,1,1,1,1, , ,1,1,1, ,1, , , ,1, , , , , , , ,1,0,1,0,1,0,1,1,2,1,9,3,1,1,1,7,1,9,1,1,1,1,2,2,1,2,1, ,1,1, , , , , ,6, ,1, ,3,3,23,9,3,Flyer,Depression, ,0, ,0,1,4.76190476190476,28.5714285714286,11,5,1,0,-.661375661375651,-10.1851851851852,5.34522483824849,4.79583152331272,.0243384724270452,1,3,3,2,0,1,0,0,1,1
5/23/2025 0:17:42,5/23/2025 0:29:39,0,100,717,1,5/23/2025 0:29:39,R_8C9gzwXtIYhIj4m,anonymous,EN-GB,.899999976158142,1,9, ,1,1, , , , ,1, , ,1, , ,1, , , , , , , , ,1, ,1,1,1,1,1,0,2,1,2,1,7,1,1,1,1,5,7,9,1,2,2,2,2,3,2,2,1, ,1,1, , , , , ,6, ,1, ,5,4,23,14,3,Interpals,Depression, ,0, ,0,1,16.6666666666667,28.5714285714286,11,11,1,1,-.661375661375651,1.71957671957671,5.34522483824849,4.79583152331272,.0243384724270452,1.17609125905568,3.74165738677394,3,2,0,1,0,0,1,1
5/22/2025 15:14:06,5/22/2025 15:32:00,0,100,1074,1,5/22/2025 15:32:00,R_2jEIN2zPjMblnVv,anonymous,EN-GB,.899999976158142,1,9, , ,1, , , , , , , , , , , ,1, ,1, , , , , , , ,1,0,1,0,0,0,2,3,3,1,9,4,5,3,1,8,7,9,3,1,2,2,3,3,2,3,1, ,1,1, , , , , ,6, ,1, ,2,2,37,16,3, ,Depression, ,0, ,0,1,21.4285714285714,53.5714285714286,3,5,0,0,24.3386243386243,6.48148148148147,7.319250547114,6.08276253029822,1.31126947941255,1.23044892137827,4,3,2,0,1,0,0,1,1
5/22/2025 16:50:28,5/22/2025 16:56:02,0,100,333,1,5/22/2025 16:56:02,R_2VuYgopDdsTNK6Z,anonymous,EN-GB,1,1,9, ,1,1,1,1,1, ,1,1,1,1, , ,1,1,1,1,1, ,1,1, , , ,1,1,1,0,0,0,2,3,2,1,2,2,1,1,1,1,1,9,1,1,1,1,1,1,1,3,1, ,1,1, ,1, , , ,6, ,1, ,3,3,9,7,3,Reddit,Epilepsy & Depression, ,0, ,1,1,0,3.57142857142857,11,9,1,0,-20.7671957671958,-10.273368606702,1.88982236504614,3,-1.47271892960637,.903089986991944,2.64575131106459,1,4,0,0,0,1,1,1
5/23/2025 7:55:57,5/23/2025 8:00:11,0,100,254,1,5/23/2025 8:00:12,R_8P6aFb3b9cj1N67,anonymous,EN-GB,.899999976158142,1,9, , ,1, , ,1, , , , ,1, , ,1, , , ,1, , , , , , ,1,0,0,1,0,1,2,1,2,1,6,1,1,1,1,7,1,9,1,1,1,1,1,1,1,3,1, ,1,1, , , , , ,6, ,1, ,2,5,18,7,3,Reddit,Epilepsy & Depression, ,0, ,1,1,0,19.6428571428571,11,6,1,0,-4.69576719576724,-10.273368606702,4.43202630213959,4.24264068711928,-.230078242487085,.903089986991944,2.64575131106459,3,4,0,0,0,1,1,1
5/25/2025 10:59:33,5/25/2025 11:06:36,0,100,423,1,5/25/2025 11:06:37,R_8rNdxDbWeW3LBpO,anonymous,EN-GB,1,1,9, , ,1, , , , , ,1,1,1, ,1, , , , , , , , , , , ,1,0,0,1,0,1,2,1,2,1,7,3,6,1,1,5,1,9,1,3,3,2,1,1,2,3,1, ,1, ,1, , , , ,6, ,1, ,2,5,24,13,3,Interpals,Epilepsy, ,0, ,1,0,14.2857142857143,30.3571428571429,11,1,1,0,7.1103896103896,6.49350649350649,5.5097316501934,4.89897948556636,.483957523893629,1.14612803567824,3.60555127546399,4,3,0,0,1,0,1,1
5/22/2025 15:16:07,5/22/2025 16:05:37,0,100,2969,1,5/22/2025 16:05:37,R_2M3UMQo5LfSAY01,anonymous,EN-GB,.5,1,9, ,1,1,1,1,1,1, ,1, , , , , ,1, ,1,1, , , , , , ,1,1,1,0,1,1,2,1,2,1,1,1,1,1,1,1,1,9,1,1,1,1,1,1,1,4,1, ,1,1, , , , , ,6, ,1, ,4,5,7,7,3, ,Control, ,0, ,0,0,0,0,9,6,0,0,-11.8598382749326,-5.12129380053908,0,2.64575131106459,-.992376820484613,.903089986991944,2.64575131106459,3,1,1,0,0,0,1,1
5/24/2025 0:31:33,5/24/2025 0:37:12,0,100,338,1,5/24/2025 0:37:12,R_70C2dW1VFYd7L4a,anonymous,EN-GB,.800000011920929,1,9, ,1,1,1, ,1, , , , , , , , , , , ,1, ,1, , , , ,1,0,0,0,0,0,3,1,3,1,1,1,1,1,1,1,1,9,2,2,2,2,2,2,2,5,1, ,1, , , ,1, , ,6, ,2,188,1,2,7,14,3,Reddit,Control, ,0, ,0,0,16.6666666666667,0,6,8,0,0,-11.8598382749326,11.5453728661276,0,2.64575131106459,-.992376820484613,1.17609125905568,3.74165738677394,2,1,1,0,0,0,1,1
5/19/2025 11:18:13,5/19/2025 12:20:54,0,100,3761,1,5/19/2025 12:20:55,R_88Peg0GG95Ly8wd,anonymous,EN-GB,.800000011920929,1,9, , ,1,1,1,1, ,1, , ,1, , ,1, , , , , , , , , , ,1,1,1,1,0,1,3,1,3,1,1,1,1,1,1,1,1,9,1,1,1,1,1,1,1,5,1, ,1, , , ,1, , ,6, ,2,66,4,3,7,7,3, ,Control, ,0, ,0,0,0,0,11,2,1,0,-11.8598382749326,-5.12129380053908,0,2.64575131106459,-.992376820484613,.903089986991944,2.64575131106459,2,1,1,0,0,0,1,1
5/29/2025 0:32:52,5/29/2025 0:37:17,0,100,264,1,5/29/2025 0:37:17,R_2rZqHKOISMEjqbn,anonymous,EN-GB,.800000011920929,1,9, ,1,1, , , , ,1,1, ,1, , ,1, , ,1, , , , , , , ,1,0,0,0,0,1,2,1,2,1,8,6,7,2,2,7,5,9,4,2,2,3,3,4,4,5,1, ,1, , , ,1, , ,6, ,2,128,1,5,37,22,3,SurveySwap,Depression, ,0, ,0,1,35.7142857142857,53.5714285714286,11,5,1,0,24.3386243386243,20.7671957671958,7.319250547114,6.08276253029822,1.31126947941255,1.36172783601759,4.69041575982343,2,2,0,1,0,0,1,1
5/21/2025 14:38:18,5/21/2025 14:41:58,0,100,220,1,5/21/2025 14:41:59,R_8aff0WFCcfbxnLb,anonymous,EN-GB,.699999988079071,1,9, ,1,1,1,1,1, , , ,1, , , ,1, , , , , , , , , , ,1,1,1,1,0,1,3,1,2,1,1,3,1,1,1,1,3,9,1,1,1,1,1,1,1,1,2, ,1, , ,1, , , ,6, ,1, ,4,4,11,7,3, ,Control, ,0, ,0,0,0,7.14285714285714,10,2,0,0,-4.71698113207546,-5.12129380053908,2.67261241912424,3.3166247903554,-.321503341193804,.903089986991944,2.64575131106459,1,1,1,0,0,0,2,2
5/27/2025 19:59:54,5/27/2025 20:05:37,0,100,342,1,5/27/2025 20:05:37,R_8C8NIfloucW5yU1,anonymous,EN-GB,.899999976158142,1,9, ,1,1,1,1, ,1,1, , , , , ,1,1, , , , , , , , , ,0,0,1,0,0,1,2,1,2,1,6,2,1,1,1,8,3,9,1,2,2,3,2,2,2,1,2, ,1, , ,1, , , ,6, ,2,128,1,5,22,14,3,SurveyCircle,Epilepsy & Depression, ,0, ,1,1,16.6666666666667,26.7857142857143,8,3,0,0,2.44708994708991,6.3932980599647,5.17549169506766,4.69041575982343,.21769683021706,1.17609125905568,3.74165738677394,1,4,0,0,0,1,2,2
5/24/2025 19:17:44,5/24/2025 19:22:19,0,100,275,1,5/24/2025 19:22:19,R_8X07O0vP422PBpD,anonymous,EN-GB,.899999976158142,1,9, ,1,1,1,1,1,1,1,1, , , , , ,1, ,1,1, , , , , , ,1,0,0,1,1,0,2,1,1,1,5,1,1,1,1,3,1,9,1,2,2,1,2,1,1,1,2, ,1, , ,1, , , ,6, ,1, ,3,3,13,10,3,SurveyCircle,Control, ,0, ,0,0,7.14285714285714,10.7142857142857,9,6,0,0,-1.14555256064689,2.02156334231806,3.27326835353989,3.60555127546399,-.0325768560852149,1.04139268515823,3.16227766016838,1,1,1,0,0,0,2,2
5/26/2025 19:09:24,5/26/2025 19:13:05,0,100,220,1,5/26/2025 19:13:05,R_2uDFkgH2iROMZWh,anonymous,EN-GB,.899999976158142,1,9, ,1,1, ,1,1, ,1,1,1,1, , , ,1, , , , , , , , , ,0,0,0,0,0,0,2,1,2,1,9,5,1,1,1,1,1,9,1,1,1,1,1,1,2,1,2, ,1,1, ,1, , , ,6, ,1, ,0,4,19,8,3,Flyer,Epilepsy & Depression, ,0, ,1,1,2.38095238095238,21.4285714285714,11,3,1,0,-2.91005291005295,-7.89241622574958,4.62910049886276,4.35889894354067,-.113819986065696,.954242509439325,2.82842712474619,1,4,0,0,0,1,2,2
5/24/2025 23:14:42,5/24/2025 23:18:41,0,100,238,1,5/24/2025 23:18:41,R_8nY4ykLIL9OJhwR,anonymous,EN-GB,.899999976158142,1,9, , ,1,1,1,1, , , ,1,1, , ,1, , ,1, , , , , , , ,1,0,1,1,0,0,2,1,2,1,6,3,1,1,1,1,3,9,1,1,1,2,2,1,2,1,2, ,1, , ,1, , , ,6, ,1, ,3,4,16,10,3,PollPool,Epilepsy, ,0, ,1,0,7.14285714285714,16.0714285714286,11,5,1,0,-7.17532467532468,-.649350649350657,4.00891862868637,4,-.415021961672727,1.04139268515823,3.16227766016838,1,3,0,0,1,0,2,2
5/25/2025 13:41:15,5/25/2025 13:50:56,0,100,581,1,5/25/2025 13:50:56,R_8nLKkpVcGY1B8mR,anonymous,EN-GB,1,1,9, ,1,1,1,1, , ,1,1,1,1, , ,1,1, ,1, , , , , , , ,1,0,1,0,0,1,1,1,3,1,8,1,1,1,1,1,2,9,1,1,1,1,1,1,1,1,2, ,1, , ,1, , , ,6, ,1, ,2,3,15,7,3,Flyer,Epilepsy, ,0, ,1,0,0,14.2857142857143,11,5,1,0,-8.96103896103897,-7.7922077922078,3.77964473009227,3.87298334620742,-.54203861546531,.903089986991944,2.64575131106459,1,3,0,0,1,0,2,2
5/29/2025 16:23:24,5/29/2025 16:28:44,0,100,320,1,5/29/2025 16:28:45,R_8j85AiF4YPWWbzO,anonymous,EN-GB,.899999976158142,1,9, ,1,1, ,1,1, ,1,1,1,1, , ,1,1, ,1, , ,1, , , , ,1,1,1,1,0,0,2,1,1,1,6,2,1,1,1,7,4,9,2,1,2,1,1,1,1,1,2, ,1,1, ,1, , , ,6, ,1, ,4,3,22,9,3,SurveyCircle,Epilepsy & Depression, ,0, ,1,1,4.76190476190476,26.7857142857143,11,8,1,0,2.44708994708991,-5.5114638447972,5.17549169506766,4.69041575982343,.21769683021706,1,3,1,4,0,0,0,1,2,2
5/24/2025 4:19:12,5/24/2025 4:23:09,0,100,236,1,5/24/2025 4:23:10,R_9Kd83qPO36hTTgI,anonymous,EN-GB,.800000011920929,1,9, , , , , , , , , , , ,1, , , , , , , , , , , ,1,0,0,0,1,1,0,1,1,1,1,8,5,8,3,3,9,9,9,2,2,2,3,3,2,3,1,2, ,1, , ,1, , , ,6, ,2,1,2,2,45,17,3,Reddit,Epilepsy & Depression, ,0, ,1,1,23.8095238095238,67.8571428571429, , , , ,43.5185185185185,13.5361552028218,8.23754471047914,6.70820393249937,2.235485002893,1.25527250510331,4.12310562561766,1,4,0,0,0,1,2,2
5/24/2025 21:08:50,5/24/2025 21:11:40,0,100,170,1,5/24/2025 21:11:41,R_22KZbSKpaPxDZK2,anonymous,EN-GB,.899999976158142,1,9, , , , ,1, , , , , , , ,1, , , , , , , , , , , ,1,0,1,1,0,0,3,1,3,1,9,1,1,1,1,1,2,9,1,1,1,2,2,2,2,2,2, ,1, , ,1, , , ,6, ,2,62,3,2,16,11,3,PollPool,Epilepsy, ,0, ,1,0,9.52380952380952,16.0714285714286,5,1,0,0,-7.17532467532468,1.73160173160172,4.00891862868637,4,-.415021961672727,1.07918124604762,3.3166247903554,1,3,0,0,1,0,2,2
5/22/2025 23:33:03,5/22/2025 23:53:21,0,100,1217,1,5/22/2025 23:53:21,R_8ZUjZI996Ku1HUG,anonymous,EN-GB,.800000011920929,1,9, ,1,1,1, ,1, ,1,1,1, , ,1, ,1, , , , , , , , , ,1,0,1,1,0,1,1,1,2,1,4,2,2,1,1,3,2,9,2,1,2,1,1,4,3,2,2, ,1,1, , , , , ,6, ,1, ,3,4,15,14,3,Flyer,Epilepsy & Depression, ,0, ,1,1,16.6666666666667,14.2857142857143,10,3,0,0,-10.0529100529101,6.3932980599647,3.77964473009227,3.87298334620742,-.599735583398953,1.17609125905568,3.74165738677394,3,4,0,0,0,1,2,2
5/25/2025 12:56:37,5/25/2025 12:59:59,0,100,201,1,5/25/2025 12:59:59,R_2lmZPwvxjCqRLP3,anonymous,EN-GB,.899999976158142,1,9, , ,1, ,1,1, ,1,1,1, , , ,1,1, , , , , , , , , ,1,0,1,1,0,1,2,1,2,1,6,4,2,1,1,3,1,9,1,1,1,1,1,1,2,2,2, ,1,1, , , , , ,6, ,1, ,3,5,18,8,3,Flyer,Epilepsy, ,0, ,1,0,2.38095238095238,19.6428571428571,10,3,0,0,-3.60389610389612,-5.41125541125542,4.43202630213959,4.24264068711928,-.172381274553442,.954242509439325,2.82842712474619,3,3,0,0,1,0,2,2
5/22/2025 23:13:36,5/22/2025 23:21:49,0,100,493,1,5/22/2025 23:21:50,R_89T67FThBDkszMB,anonymous,EN-GB,.899999976158142,1,9, , , , ,1, , , ,1,1, , , , , , ,1, , , , , , , ,1,0,1,1,0,0,2,1,2,1,1,1,1,1,1,1,1,9,1,1,2,1,2,1,2,2,2, ,1,1, , , , , ,6, ,1, ,3,4,7,10,3,Flyer,Control, ,0, ,0,0,7.14285714285714,0,10,5,0,0,-11.8598382749326,2.02156334231806,0,2.64575131106459,-.992376820484613,1.04139268515823,3.16227766016838,3,1,1,0,0,0,2,2
5/23/2025 22:25:25,5/23/2025 22:35:16,0,100,591,1,5/23/2025 22:35:17,R_8Mh5neOVemEeUAi,anonymous,EN-GB,.899999976158142,1,9, , , , , , , , , ,1, , , , , , , ,1, , , , , , ,1,0,1,1,0,0,2,1,2,1,8,7,2,5,3,3,6,9,1,2,1,3,3,3,3,2,2, ,1,1, , , , , ,6, ,1, ,3,4,34,16,3,Flyer,Depression, ,0, ,0,1,21.4285714285714,48.2142857142857,10,6,0,0,18.9814814814815,6.48148148148147,6.94365074829414,5.8309518948453,1.05945884395963,1.23044892137827,4,3,2,0,1,0,0,2,2
5/25/2025 10:45:38,5/25/2025 10:49:11,0,100,212,1,5/25/2025 10:49:11,R_8neNAGYs6A3nwLT,anonymous,EN-GB,.800000011920929,1,9, , ,1,1, ,1, ,1,1,1, , , ,1, ,1, ,1, , , , , , ,1,0,1,1,0,0,2,1,2,1,2,1,1,1,1,1,1,9,1,1,1,1,1,1,1,2,2, ,1,1, , , , , ,6, ,1, ,3,4,8,7,3,Flyer,Epilepsy, ,0, ,1,0,0,1.78571428571429,10,6,0,0,-21.461038961039,-7.7922077922078,1.33630620956212,2.82842712474619,-1.58659483692654,.903089986991944,2.64575131106459,3,3,0,0,1,0,2,2
5/27/2025 17:44:50,5/27/2025 17:48:03,0,100,192,1,5/27/2025 17:48:03,R_8q4VtdFDnwAUhtl,anonymous,EN-GB,.699999988079071,1,9, , ,1, , ,1, , ,1,1, , , , ,1, , ,1, , , , , , ,1,1,1,0,0,0,2,1,2,1,2,2,2,1,1,3,1,9,1,1,1,1,1,1,1,2,2, ,1,1, , , , , ,6, ,1, ,3,4,12,7,3,Flyer,Control, ,0, ,0,0,0,8.92857142857143,10,6,1,0,-2.93126684636118,-5.12129380053908,2.98807152333598,3.46410161513775,-.17402651641145,.903089986991944,2.64575131106459,3,1,1,0,0,0,2,2
5/24/2025 19:58:57,5/24/2025 20:10:13,0,100,675,1,5/24/2025 20:10:13,R_2rYM58kitVWABOp,anonymous,EN-GB,.899999976158142,1,9, , ,1, , ,1, ,1, , , , , , , , , , , ,1, , , , ,1,0,1,1,0,0,1,1,2,1,5,1,1,1,1,1,4,9,1,1,1,1,2,1,2,2,2, ,1,1, , , , , ,6, ,1, ,3,3,14,9,3,Flyer,Depression, ,0, ,0,1,4.76190476190476,12.5,8,8,0,0,-16.7328042328042,-10.1851851851852,3.53553390593274,3.74165738677394,-1.02983566411173,1,3,3,2,0,1,0,0,2,2
5/15/2025 16:06:23,5/15/2025 16:10:07,0,100,224,1,5/15/2025 16:10:08,R_845BPl37Yrb7g49,anonymous,EN,.899999976158142,1,9, , , ,1, ,1,1,1,1,1, , , , ,1, , , , ,1, , , , ,1,1,1,1,0,1,2,1,2,1,3,1,1,1,1,7,1,9,2,2,2,2,2,2,2,2,2, ,1,1, , , , , ,6, ,1, ,4,5,15,14,3, ,Epilepsy, ,0, ,1,0,16.6666666666667,14.2857142857143,10,8,0,0,-8.96103896103897,8.87445887445887,3.77964473009227,3.87298334620742,-.54203861546531,1.17609125905568,3.74165738677394,3,3,0,0,1,0,2,2
5/19/2025 0:58:33,5/19/2025 1:03:15,0,100,281,1,5/19/2025 1:03:15,R_8RrZLr7siSzuAFj,anonymous,EN-GB,.899999976158142,1,9, ,1, ,1, ,1,1,1,1,1, , , , , ,1, , , ,1,1,1,1, ,1,0,0,1,1,0,2,1,2,1,9,6,1,1,1,1,9,9,2,2,2,2,2,3,2,2,2, ,1,1, , , , , ,6, ,1, ,3,4,28,15,3, ,Epilepsy, ,0, ,1,0,19.047619047619,37.5,10,11,0,1,14.2532467532467,11.2554112554112,6.12372435695795,5.29150262212918,.876480660456455,1.20411998265592,3.87298334620742,3,3,0,0,1,0,2,2
5/27/2025 23:56:44,5/28/2025 0:01:01,0,100,257,1,5/28/2025 0:01:02,R_1qqj7E55m2ZUpGN,anonymous,EN-GB,.899999976158142,1,9, ,1,1,1,1,1,1,1,1,1,1, , , ,1,1, , , , , , , , ,1,0,1,1,0,1,3,1,2,1,7,7,1,1,2,9,5,9,1,1,2,3,2,3,3,2,2, ,1,1, ,1, , , ,6, ,2,188,3,4,32,15,3,Reddit,Depression, ,0, ,0,1,19.047619047619,44.6428571428571,11,4,1,0,15.4100529100529,4.10052910052909,6.68153104781061,5.65685424949238,.885361198606707,1.20411998265592,3.87298334620742,1,2,0,1,0,0,2,2
5/19/2025 20:18:11,5/19/2025 20:20:57,0,100,166,1,5/19/2025 20:20:58,R_2H9vMo8BJgsr9rX,anonymous,EN-GB,.899999976158142,1,9, ,1,1,1,1,1,1,1,1,1,1, , , ,1, ,1, , , , , , , ,1,0,1,0,0,1,2,1,2,1,5,1,1,1,1,9,5,9,1,1,1,1,1,1,1,2,2, ,1, , ,1, , , ,6, ,1, ,2,5,23,7,3,PollPool,Control, ,0, ,0,0,0,28.5714285714286,11,5,1,0,16.711590296496,-5.12129380053908,5.34522483824849,4.79583152331272,1.15770339176352,.903089986991944,2.64575131106459,1,1,1,0,0,0,2,2
5/15/2025 2:25:58,5/15/2025 2:34:02,0,100,484,1,5/15/2025 2:34:03,R_2ZKVH24Kkz18DiK,anonymous,EN,.899999976158142,1,9, , ,1, , , , , , ,1,1, , , ,1, , ,1, , , , , , ,1,0,0,1,0,0,2,3,2,1,8,1,1,1,1,9,5,9,1,1,1,1,2,1,1,2,2, ,1, , ,1, ,1, ,6, ,2,166,2,3,26,8,3, ,Epilepsy, ,0, ,1,0,2.38095238095238,33.9285714285714,11,6,1,0,10.6818181818182,-5.41125541125542,5.82482372510718,5.09901951359278,.683997551920058,.954242509439325,2.82842712474619,1,3,0,0,1,0,2,2
5/26/2025 11:13:37,5/26/2025 11:17:06,0,100,209,1,5/26/2025 11:17:06,R_2rrcOPSSDboBw67,anonymous,EN-GB,.899999976158142,1,9, ,1,1,1, ,1, ,1, , ,1, , ,1, , , , ,1, , , , , ,1,1,1,1,0,1,3,1,2,1,7,4,6,2,1,3,5,9,2,2,3,3,3,3,3,2,2, ,1, , ,1, , , ,6, ,1, ,4,4,28,19,3,Reddit,Epilepsy & Depression, ,0, ,1,1,28.5714285714286,37.5,11,7,1,0,13.1613756613756,18.2980599647266,6.12372435695795,5.29150262212918,.818783692522811,1.30102999566398,4.35889894354067,1,4,0,0,0,1,2,2
5/26/2025 19:02:17,5/26/2025 19:14:44,0,100,746,1,5/26/2025 19:14:44,R_8ruWseGUbO7RAnE,anonymous,EN-GB,.800000011920929,1,9, ,1,1,1,1,1, ,1,1,1,1, , , ,1,1,1, ,1, , , , , ,1,0,1,1,1,0,2,1,2,1,9,5,3,1,1,1,9,9,2,2,1,2,2,2,2,2,2, ,1,1, ,1, , , ,6, ,1, ,4,4,29,13,3,Flyer,Depression, ,0, ,0,1,14.2857142857143,39.2857142857143,11,7,1,0,10.0529100529101,-.661375661375668,6.26783170528009,5.3851648071345,.61367175624883,1.14612803567824,3.60555127546399,1,2,0,1,0,0,2,2
5/24/2025 20:04:41,5/24/2025 20:08:16,0,100,214,1,5/24/2025 20:08:16,R_2TM1UO57D9Hg44h,anonymous,EN-GB,.899999976158142,1,9, ,1,1,1,1,1,1,1,1,1,1, , , ,1, ,1,1, ,1, , , , ,1,0,1,1,1,0,2,1,2,1,9,1,1,1,1,1,3,9,1,1,1,1,1,1,1,2,2, ,1, , ,1, , , ,6, ,1, ,4,4,17,7,3,PollPool,Epilepsy & Depression, ,0, ,1,1,0,17.8571428571429,11,8,1,0,-6.48148148148152,-10.273368606702,4.22577127364258,4.12310562561766,-.349613303988709,.903089986991944,2.64575131106459,1,4,0,0,0,1,2,2
5/16/2025 20:14:46,5/16/2025 20:17:23,0,100,156,1,5/16/2025 20:17:23,R_2OUvgJvzeuJ2HCh,anonymous,EN-GB,.899999976158142,1,9,1,1,1,1, ,1,1,1,1,1,1, ,1, , , , , , , , , , , ,1,1,1,1,0,1,2,1,2,1,7,5,2,1,1,1,1,9,1,1,1,1,1,2,1,2,2, ,1,1, , , , , ,6, ,1, ,4,5,18,8,3,PollPool,Epilepsy, ,0, ,1,0,2.38095238095238,19.6428571428571,11,1,1,0,-3.60389610389612,-5.41125541125542,4.43202630213959,4.24264068711928,-.172381274553442,.954242509439325,2.82842712474619,3,3,0,0,1,0,2,2
5/26/2025 15:11:52,5/26/2025 15:14:55,0,100,182,1,5/26/2025 15:14:55,R_2EmtHWbfG7TFZMO,anonymous,EN-GB,.899999976158142,1,9, , ,1, , , , , , , ,1, ,1, , , , , , , , , , , ,1,0,0,0,0,1,2,1,3,1,5,2,2,1,2,4,4,9,2,2,2,1,1,1,1,2,2, ,1,1, , , , , ,6, ,1, ,1,4,20,10,3,Flyer,Depression, ,0, ,0,1,7.14285714285714,23.2142857142857,11,1,1,0,-6.0185185185185,-7.80423280423281,4.81812055829716,4.47213595499958,-.299357095886094,1.04139268515823,3.16227766016838,3,2,0,1,0,0,2,2
5/22/2025 20:16:58,5/22/2025 20:21:04,0,100,246,1,5/22/2025 20:21:05,R_8kk1fQ2gFXEeXNT,anonymous,EN-GB,.899999976158142,1,9, ,1,1,1,1,1, ,1,1,1,1, , ,1,1, , , , , , , , , ,1,0,1,0,0,1,2,1,2,1,9,1,1,1,1,1,9,9,1,2,2,3,2,2,3,2,2, ,1,1, , , , , ,6, ,1, ,2,5,23,15,3,Flyer,Depression, ,0, ,0,1,19.047619047619,28.5714285714286,11,3,1,0,-.661375661375651,4.10052910052909,5.34522483824849,4.79583152331272,.0243384724270452,1.20411998265592,3.87298334620742,3,2,0,1,0,0,2,2
5/24/2025 17:08:08,5/24/2025 17:13:14,0,100,306,1,5/24/2025 17:13:15,R_8IY0fwWG0ScPl7z,anonymous,EN-GB,.899999976158142,1,9, ,1,1,1, ,1, ,1,1,1,1, , , ,1, , , , , , , , , ,1,0,0,1,0,0,2,3,2,1,7,1,1,1,1,1,6,9,1,1,1,1,1,1,1,2,2, ,1,1, , , , , ,6, ,1, ,2,3,18,7,3,Flyer,Depression, ,0, ,0,1,0,19.6428571428571,11,3,1,0,-9.58994708994708,-14.94708994709,4.43202630213959,4.24264068711928,-.528852363766389,.903089986991944,2.64575131106459,3,2,0,1,0,0,2,2
5/24/2025 21:57:11,5/24/2025 22:01:13,0,100,241,1,5/24/2025 22:01:13,R_8QWcsxCMFX7z03c,anonymous,EN-GB,.5,1,9, ,1,1,1, ,1, ,1,1,1,1, , ,1, ,1, , , , , , , , ,1,0,1,1,0,1,2,1,2,1,5,2,1,1,1,1,3,9,1,1,1,1,1,1,1,2,2, ,1,1, , , , , ,6, ,1, ,3,5,14,7,3,Reddit,Epilepsy, ,0, ,1,0,0,12.5,11,4,1,0,-10.7467532467533,-7.7922077922078,3.53553390593274,3.74165738677394,-.673364574898785,.903089986991944,2.64575131106459,3,3,0,0,1,0,2,2
5/22/2025 23:06:29,5/22/2025 23:24:18,0,100,1068,1,5/22/2025 23:24:18,R_8fqR8aFfcsiiBna,anonymous,EN-GB,.899999976158142,1,9, , ,1, , , ,1, , , ,1, , , , , , , ,1, , , , , ,1,1,1,1,0,1,2,1,2,1,9,7,1,1,1,7,8,9,2,2,2,2,2,2,2,2,2, ,1,1, , , , , ,6, ,1, ,4,5,34,14,3,Flyer,Depression, ,0, ,0,1,16.6666666666667,48.2142857142857,11,7,1,0,18.9814814814815,1.71957671957671,6.94365074829414,5.8309518948453,1.05945884395963,1.17609125905568,3.74165738677394,3,2,0,1,0,0,2,2
5/27/2025 14:13:08,5/27/2025 14:18:04,0,100,295,1,5/27/2025 14:18:04,R_8g7ws4hamNEuxXD,anonymous,EN-GB,1,1,9, ,1,1, , ,1, ,1,1,1,1, , , ,1, , , , ,1, , , , ,1,0,1,0,0,1,2,1,2,1,4,1,2,1,1,1,2,9,1,1,1,1,1,1,1,2,2, ,1,1, , , , , ,6, ,1, ,2,5,12,7,3, ,Control, ,0, ,0,0,0,8.92857142857143,11,8,1,0,-2.93126684636118,-5.12129380053908,2.98807152333598,3.46410161513775,-.17402651641145,.903089986991944,2.64575131106459,3,1,1,0,0,0,2,2
5/24/2025 20:55:30,5/24/2025 21:00:05,0,100,274,1,5/24/2025 21:00:05,R_84jZk43IVq32f9x,anonymous,EN-GB,.699999988079071,1,9, ,1,1, , ,1, ,1,1,1,1, , , ,1, , , , , ,1, , , ,1,0,1,0,0,1,2,1,2,1,9,1,1,1,1,1,1,9,1,1,1,1,1,1,1,2,2, ,1,1, , , , , ,6, ,1, ,2,5,15,7,3,Flyer,Epilepsy, ,0, ,1,0,0,14.2857142857143,11,9,1,0,-8.96103896103897,-7.7922077922078,3.77964473009227,3.87298334620742,-.54203861546531,.903089986991944,2.64575131106459,3,3,0,0,1,0,2,2
5/24/2025 19:24:16,5/24/2025 19:30:40,0,100,384,1,5/24/2025 19:30:41,R_2iJqXRq01bKFizT,anonymous,EN-GB,.899999976158142,1,9, ,1,1, , , , ,1, , , , ,1, , , , , , , , , , , ,1,0,1,1,0,0,2,3,2,2,1,1,1,1,1,1,2,9,2,1,1,1,2,1,1,3,2, ,1, , ,1, , , ,6, ,2,66,3,2,8,9,3,PollPool,Epilepsy & Depression, ,0, ,1,1,4.76190476190476,1.78571428571429,8,1,0,0,-22.5529100529101,-5.5114638447972,1.33630620956212,2.82842712474619,-1.64429180486018,1,3,1,4,0,0,0,1,2,2
5/26/2025 22:07:04,5/26/2025 22:13:05,0,100,361,1,5/26/2025 22:13:06,R_8EGMsQfS7a9GhQM,anonymous,EN-GB,.899999976158142,1,9, ,1, , , , , , , , , , , ,1, , , , , , , , , , ,1,1,1,0,0,0,2,1,2,1,9,3,3,1,1,5,4,9,2,1,2,3,3,3,2,3,2, ,1,1, , , , , ,6, ,1, ,3,4,26,16,3,Flyer,Depression, ,0, ,0,1,21.4285714285714,33.9285714285714,2,2,0,0,4.69576719576721,6.48148148148147,5.82482372510718,5.09901951359278,.327526462707111,1.23044892137827,4,3,2,0,1,0,0,2,2
5/27/2025 13:06:00,5/28/2025 9:57:42,0,100,75101,1,5/28/2025 9:57:42,R_8OVVCkORFaGe0Nl,anonymous,EN-GB,.800000011920929,1,9, , , , , , , ,1,1, , , , , , , , , , ,1,1, , , ,1,0,0,1,0,1,1,1,1,1,9,1,1,1,1,1,9,9,3,2,2,2,3,2,3,3,2, ,1,1, , , , , ,6, ,1, ,2,3,23,17,3, ,Epilepsy, ,0, ,1,0,23.8095238095238,28.5714285714286,9,9,0,0,5.32467532467531,16.017316017316,5.34522483824849,4.79583152331272,.380809561639992,1.25527250510331,4.12310562561766,3,3,0,0,1,0,2,2
5/25/2025 17:08:22,5/25/2025 17:14:10,0,100,348,1,5/25/2025 17:14:11,R_2s5RmHeA8tYkrY6,anonymous,EN-GB,.899999976158142,1,9, ,1, , , , , , , , ,1, ,1, , , , , , , , , , , ,1,1,1,1,0,0,3,1,2,1,4,2,2,2,3,5,6,9,2,3,3,3,3,4,3,3,2, ,1, ,1,1, , , ,6, ,2,61,4,3,24,21,3,Reddit,Depression, ,0, ,0,1,33.3333333333333,30.3571428571429,11,1,1,0,1.12433862433863,18.3862433862434,5.5097316501934,4.89897948556636,.127486434680682,1.34242268082221,4.58257569495584,1,2,0,1,0,0,2,2
5/26/2025 20:11:47,5/26/2025 20:15:09,0,100,202,1,5/26/2025 20:15:09,R_8oEjfDhofaPThhT,anonymous,EN-GB,.899999976158142,1,9, ,1,1,1,1,1,1,1,1,1,1, , ,1,1,1,1,1, ,1, , , , ,0,0,1,1,1,0,1,1,1,1,9,2,2,2,1,1,1,9,1,1,1,1,1,1,1,3,2, ,1, , ,1, , , ,6, ,1, ,3,2,18,7,3, ,Epilepsy, ,0, ,1,0,0,19.6428571428571,11,8,1,0,-3.60389610389612,-7.7922077922078,4.43202630213959,4.24264068711928,-.172381274553442,.903089986991944,2.64575131106459,1,3,0,0,1,0,2,2
5/25/2025 11:03:51,5/25/2025 11:11:17,0,100,445,1,5/25/2025 11:11:17,R_8SZtKA59l0lSBj3,anonymous,EN-GB,.899999976158142,1,9, ,1,1,1, ,1,1,1,1,1,1, , ,1,1, , ,1, , ,1, , , ,1,0,1,1,0,1,2,1,2,1,5,1,1,1,1,1,2,9,1,1,1,1,1,1,1,3,2, ,1, , ,1, , , ,6, ,1, ,3,5,12,7,3, ,Epilepsy, ,0, ,1,0,0,8.92857142857143,11,9,1,0,-14.3181818181818,-7.7922077922078,2.98807152333598,3.46410161513775,-.950920346534972,.903089986991944,2.64575131106459,1,3,0,0,1,0,2,2
5/18/2025 21:39:01,5/18/2025 21:41:13,0,100,132,1,5/18/2025 21:41:14,R_8pYBhqU3CZVdovD,anonymous,EN-GB,.899999976158142,1,9, ,1,1,1, ,1,1,1,1,1,1, , ,1, , , , , , , , , , ,1,0,0,1,0,0,2,1,2,1,9,4,6,1,1,2,6,9,2,2,3,2,3,3,3,3,2, ,1,1, , , , , ,6, ,1, ,2,4,29,18,3,PollPool,Depression, ,0, ,0,1,26.1904761904762,39.2857142857143,11,2,1,0,10.0529100529101,11.2433862433862,6.26783170528009,5.3851648071345,.61367175624883,1.27875360095283,4.24264068711928,3,2,0,1,0,0,2,2
5/17/2025 14:14:43,5/17/2025 14:18:22,0,100,219,1,5/17/2025 14:18:23,R_2AZP6gXu6kBRDEm,anonymous,EN-GB,.800000011920929,1,9, ,1,1,1,1,1, ,1,1, ,1, , , ,1, , , , , , , , , ,1,0,0,1,0,1,2,1,2,1,2,1,1,1,1,1,1,9,2,2,2,2,2,2,2,3,2, ,1,1, , , , , ,6, ,1, ,2,5,8,14,3,PollPool,Control, ,0, ,0,0,16.6666666666667,1.78571428571429,11,3,1,0,-10.0741239892183,11.5453728661276,1.33630620956212,2.82842712474619,-.809701006803014,1.17609125905568,3.74165738677394,3,1,1,0,0,0,2,2
5/15/2025 10:31:10,5/15/2025 10:36:30,0,100,320,1,5/15/2025 10:36:31,R_8zRMoGUR7SPZRcQ,anonymous,EN,.899999976158142,1,9, ,1,1,1,1,1, ,1,1,1,1, , , ,1, , , , ,1, , , , ,1,0,1,1,1,1,2,1,2,1,1,1,1,1,1,1,1,9,2,2,2,2,2,2,2,3,2, ,1,1, , , , , ,6, ,1, ,4,5,7,14,3, ,Control, ,0, ,0,0,16.6666666666667,0,11,8,1,0,-11.8598382749326,11.5453728661276,0,2.64575131106459,-.992376820484613,1.17609125905568,3.74165738677394,3,1,1,0,0,0,2,2
5/19/2025 13:27:17,5/19/2025 13:31:41,0,100,264,1,5/19/2025 13:31:41,R_8hAU2yr0R7NUQBo,anonymous,EN-GB,.899999976158142,1,9, ,1, ,1, ,1,1,1,1, , , , ,1, ,1, ,1,1,1,1,1,1, ,1,1,1,1,1,0,2,1,2,1,9,1,1,1,1,1,1,9,1,1,2,1,2,2,3,4,2, ,1, , ,1, , , ,6, ,1, ,5,4,15,12,3,SurveySwap,Epilepsy & Depression, ,0, ,1,1,11.9047619047619,14.2857142857143,9,11,0,1,-10.0529100529101,1.63139329805994,3.77964473009227,3.87298334620742,-.599735583398953,1.11394335230684,3.46410161513775,1,4,0,0,0,1,2,2
5/19/2025 13:37:18,5/19/2025 13:40:16,0,100,177,1,5/19/2025 13:40:16,R_2Iz4p1ZHeF7Az3g,anonymous,EN-GB,.899999976158142,1,9, ,1, ,1, ,1,1,1,1, , , , ,1, ,1,1,1,1,1,1,1,1, ,1,1,1,1,1,0,2,1,2,1,9,1,1,1,1,1,1,9,2,2,2,2,2,2,2,4,2, ,1, , ,1, , , ,6, ,1, ,5,4,15,14,3,SurveySwap,Depression, ,0, ,0,1,16.6666666666667,14.2857142857143,9,11,0,1,-14.9470899470899,1.71957671957671,3.77964473009227,3.87298334620742,-.898509704678257,1.17609125905568,3.74165738677394,1,2,0,1,0,0,2,2
5/27/2025 18:58:04,5/27/2025 19:05:07,0,100,423,1,5/27/2025 19:05:07,R_8WR8hoXtv6uwgsF,anonymous,EN-GB,1,1,9, , ,1, , ,1, , , , , , , , , , , , , , , , ,1, ,0,1,0,1,0,1,2,1,3,1,1,1,1,1,1,1,1,9,1,1,1,1,1,1,1,4,2, ,1,1, , , , , ,6, ,1, ,2,4,7,7,3, ,Epilepsy, ,0, ,1,0,0,0,6,11,0,1,-23.2467532467533,-7.7922077922078,0,2.64575131106459,-1.76927065060814,.903089986991944,2.64575131106459,3,3,0,0,1,0,2,2
5/22/2025 20:26:37,5/22/2025 20:30:21,0,100,224,1,5/22/2025 20:30:21,R_22LzJeGplo1xSOB,anonymous,EN-GB,1,1,9, ,1,1,1,1, , ,1,1,1,1, ,1, , , , , , , , , , , ,1,0,0,1,0,0,3,1,2,1,2,1,1,2,1,7,1,9,1,1,1,1,1,1,1,4,2, ,1,1, , , , , ,6, ,1, ,2,3,15,7,3,Reddit,Control, ,0, ,0,0,0,14.2857142857143,11,1,1,0,2.42587601078168,-5.12129380053908,3.77964473009227,3.87298334620742,.234855214658213,.903089986991944,2.64575131106459,3,1,1,0,0,0,2,2
5/28/2025 19:18:17,5/28/2025 19:22:51,0,100,273,1,5/28/2025 19:22:51,R_8R7z4z08XTUOOZP,anonymous,EN-GB,.899999976158142,1,9, ,1,1,1,1,1,1,1,1,1,1, ,1, , , , , , , , , , , ,0,0,0,0,1,1,2,1,2,1,3,1,1,1,1,5,1,9,1,1,1,1,1,2,2,4,2, ,1,1, , , , , ,6, ,1, ,1,5,13,9,3,Flyer,Depression, ,0, ,0,1,4.76190476190476,10.7142857142857,11,1,1,0,-18.5185185185185,-10.1851851851852,3.27326835353989,3.60555127546399,-1.16594177542168,1,3,3,2,0,1,0,0,2,2
5/15/2025 12:59:03,5/15/2025 13:03:26,0,100,262,1,5/15/2025 13:03:26,R_8Vg7WaqmU42syMy,anonymous,EN,.899999976158142,1,9, , ,1,1,1,1, ,1,1,1,1, , , , , ,1, , ,1, , , , ,1,0,0,0,0,1,2,3,2,1,5,3,1,1,1,8,8,9,1,1,1,1,2,2,2,4,2, ,1,1, , , , , ,6, ,1, ,1,4,27,10,3, ,Epilepsy & Depression, ,0, ,1,1,7.14285714285714,35.7142857142857,11,8,1,0,11.3756613756613,-3.13051146384482,5.97614304667197,5.19615242270663,.723433493100262,1.04139268515823,3.16227766016838,3,4,0,0,0,1,2,2
5/27/2025 14:03:32,5/27/2025 14:06:58,0,100,205,1,5/27/2025 14:06:58,R_8upuSSe4FlaTDqx,anonymous,EN-GB,.899999976158142,1,9, ,1,1,1, ,1, ,1,1,1, , , ,1, , , , , , , , , , ,0,0,0,0,0,0,1,1,3,1,4,5,5,1,3,5,4,9,1,3,3,2,3,3,2,5,2, ,1,1, , , , , ,6, ,1, ,0,2,27,17,3, ,Depression, ,0, ,0,1,23.8095238095238,35.7142857142857,10,2,0,0,6.4814814814815,8.86243386243385,5.97614304667197,5.19615242270663,.424659371820958,1.25527250510331,4.12310562561766,3,2,0,1,0,0,2,2
5/16/2025 16:08:16,5/16/2025 16:11:53,0,100,216,1,5/16/2025 16:11:53,R_2AFLJg55iq6AXhW,anonymous,EN,.899999976158142,1,9, , , , , , , , ,1,1, , , ,1, , , , , , , , , , ,1,0,0,0,0,1,1,1,2,1,7,6,8,3,6,5,4,9,3,2,3,4,3,3,4,5,2, ,1,1, , , , , ,6, ,1, ,1,4,39,22,3, ,Depression, ,0, ,0,1,35.7142857142857,57.1428571428571,10,2,0,0,27.9100529100529,20.7671957671958,7.55928946018454,6.2449979983984,1.47350494751272,1.36172783601759,4.69041575982343,3,2,0,1,0,0,2,2
5/30/2025 14:05:11,5/30/2025 14:09:45,0,100,273,1,5/30/2025 14:09:46,R_2uDH3oAToU8gDa9,anonymous,EN-GB,.899999976158142,1,9, , , ,1, , , , ,1,1, , , , , , , ,1, , , , , , ,1,0,0,0,0,0,1,1,2,1,9,3,2,1,1,1,5,9,1,2,2,2,3,3,3,5,2, ,1,1, , , , , ,6, ,1, ,1,3,22,16,3, ,Depression, ,0, ,0,1,21.4285714285714,26.7857142857143,10,6,0,0,-2.44708994708994,6.48148148148147,5.17549169506766,4.69041575982343,-.0810772910622442,1.23044892137827,4,3,2,0,1,0,0,2,2
5/25/2025 23:32:50,5/25/2025 23:47:47,0,100,896,1,5/25/2025 23:47:48,R_3oAr0QhW5u8ssyx,anonymous,EN-GB,1,1,9, , ,1,1,1,1,1,1,1, , , , , ,1, , ,1,1,1, , , , ,1,1,1,0,0,1,2,1,2,1,7,1,1,1,1,8,3,9,1,1,2,1,1,1,1,5,2, ,1,1, , , , , ,6, ,2,188,3,5,22,8,3,Reddit,Depression, ,0, ,0,1,2.38095238095238,26.7857142857143,9,8,0,0,-2.44708994708994,-12.5661375661376,5.17549169506766,4.69041575982343,-.0810772910622442,.954242509439325,2.82842712474619,3,2,0,1,0,0,2,2
5/15/2025 10:28:54,5/15/2025 10:34:43,0,100,348,1,5/15/2025 10:34:43,R_8JxrJwwxgA3hy9P,anonymous,EN,.899999976158142,1,9, ,1,1,1,1,1,1,1,1,1,1, , , ,1, ,1,1,1, , , , , ,1,1,1,1,0,1,2,1,2,1,5,1,1,1,1,2,1,9,3,2,1,1,1,1,1,5,2, ,1,1, , , , , ,6, ,1, ,4,5,12,10,3, ,Epilepsy & Depression, ,0, ,1,1,7.14285714285714,8.92857142857143,11,7,1,0,-15.4100529100529,-3.13051146384482,2.98807152333598,3.46410161513775,-1.00861731446862,1.04139268515823,3.16227766016838,3,4,0,0,0,1,2,2
5/27/2025 14:39:05,5/27/2025 14:44:30,0,100,324,1,5/27/2025 14:44:30,R_2cguXPpC36HRuBr,anonymous,EN-GB,.800000011920929,1,9, , , , , , , ,1, , , , , , , , , ,1, ,1, , , , ,1,0,1,0,0,0,2,1,2,1,7,1,1,1,1,5,1,9,1,2,2,2,2,2,2,6,2, ,1, , , ,1, , ,6, ,1, ,2,4,17,13,3,Flyer,Epilepsy, ,0, ,1,0,14.2857142857143,17.8571428571429,8,8,0,0,-5.3896103896104,6.49350649350649,4.22577127364258,4.12310562561766,-.291916336055066,1.14612803567824,3.60555127546399,2,3,0,0,1,0,2,2
5/16/2025 13:32:47,5/16/2025 13:35:20,0,100,153,1,5/16/2025 13:35:21,R_8sXCilecvll6YF5,anonymous,EN,.899999976158142,1,9, , ,1,1, ,1, , ,1,1,1, ,1, , , , , , , , , , , ,1,0,1,1,0,1,2,1,2,1,9,6,3,1,1,8,5,9,1,2,1,1,1,1,2,1,3, ,1, , ,1, , , ,6, ,1, ,3,5,33,9,3, ,Epilepsy, ,0, ,1,0,4.76190476190476,46.4285714285714,11,1,1,0,23.1818181818182,-3.03030303030304,6.81385143869247,5.74456264653803,1.3295406848653,1,3,1,3,0,0,1,0,3,3
5/26/2025 13:00:07,5/26/2025 13:03:54,0,100,227,1,5/26/2025 13:03:55,R_2qevBK2JhI55JPR,anonymous,EN-GB,.899999976158142,1,9,1, , , , , , , , , , , ,1, , , , , , , , , , , ,1,0,1,0,0,0,2,1,3,1,6,1,1,1,1,2,2,9,1,1,1,1,1,1,1,1,1, ,1, , ,1, , , ,5, ,1, ,2,3,14,7,3,Flyer,Epilepsy, ,0, ,1,0,0,12.5,1,1,0,0,-10.7467532467533,-7.7922077922078,3.53553390593274,3.74165738677394,-.673364574898785,.903089986991944,2.64575131106459,1,3,0,0,1,0,1,1
5/24/2025 18:06:22,5/24/2025 18:10:29,0,100,247,1,5/24/2025 18:10:29,R_81zCUkLTd6XwPys,anonymous,EN-GB,.699999988079071,1,9, , , ,1, , , , , , , , ,1, , , , , , , , , , , ,1,0,1,1,0,1,1,1,3,1,2,2,2,1,1,2,1,9,1,1,1,2,2,2,2,1,1, ,1, , ,1, , , ,5, ,1, ,3,3,11,11,3,Flyer,Depression, ,0, ,0,1,9.52380952380952,7.14285714285714,4,1,0,0,-22.0899470899471,-5.42328042328043,2.67261241912424,3.3166247903554,-1.45486826053027,1.07918124604762,3.3166247903554,1,2,0,1,0,0,1,1
5/25/2025 23:04:00,5/25/2025 23:08:22,0,100,261,1,5/25/2025 23:08:23,R_8DRLs8QuNo7Vapy,anonymous,EN-GB,.899999976158142,1,9, ,1,1, , , , ,1, , , , ,1, , , , , , , , , , , ,0,0,0,1,0,1,1,3,2,1,7,1,3,1,1,9,1,9,1,1,1,1,1,1,1,1,1, ,1, ,1,1, , , ,5, ,1, ,1,3,23,7,3,Flyer,Epilepsy & Depression, ,0, ,1,1,0,28.5714285714286,8,1,0,0,4.23280423280419,-10.273368606702,5.34522483824849,4.79583152331272,.323112593706349,.903089986991944,2.64575131106459,1,4,0,0,0,1,1,1
5/23/2025 20:27:33,5/23/2025 20:31:15,0,100,221,1,5/23/2025 20:31:15,R_2iHWrnRxS0LLYMa,anonymous,EN-GB,.899999976158142,1,9, ,1,1, ,1, , , , , , , , ,1,1, , , , , , , , , ,1,0,1,0,0,0,2,2,2,1,4,3,1,1,1,2,1,9,1,2,2,2,2,2,2,1,1, ,1, , ,1, , , ,5, ,1, ,2,3,13,13,3,Flyer,Control, ,0, ,0,0,14.2857142857143,10.7142857142857,5,3,0,0,-1.14555256064689,9.1644204851752,3.27326835353989,3.60555127546399,-.0325768560852149,1.14612803567824,3.60555127546399,1,1,1,0,0,0,1,1
5/26/2025 16:04:45,5/26/2025 16:10:29,0,100,343,1,5/26/2025 16:10:30,R_80UyBnIINpAPdBA,anonymous,EN-GB,.899999976158142,1,9, , ,1, ,1, , ,1,1, , , , ,1,1, , , , , , , , , ,1,0,1,0,0,1,2,1,2,1,7,2,3,1,1,4,2,9,2,1,1,1,1,1,2,1,1, ,1, , ,1, , , ,5, ,1, ,2,5,20,9,3,Flyer,Epilepsy, ,0, ,1,0,4.76190476190476,23.2142857142857,9,3,0,0,-.0324675324675425,-3.03030303030304,4.81812055829716,4.47213595499958,.057113993326853,1,3,1,3,0,0,1,0,1,1
5/24/2025 21:18:57,5/24/2025 21:24:43,0,100,345,1,5/24/2025 21:24:43,R_81SrNHFI9Y55Wtf,anonymous,EN-GB,.800000011920929,1,9, ,1,1,1, ,1, , , , , , , , , ,1, ,1, , , , , , ,1,0,1,0,0,0,1,1,3,1,9,1,9,1,1,1,7,9,1,1,1,1,1,1,1,1,1, ,1, , ,1, , , ,5, ,1, ,2,2,29,7,3,Flyer,Epilepsy, ,0, ,1,0,0,39.2857142857143,6,6,0,0,16.038961038961,-7.7922077922078,6.26783170528009,5.3851648071345,.970142845461777,.903089986991944,2.64575131106459,1,3,0,0,1,0,1,1
5/24/2025 2:13:52,5/24/2025 2:19:29,0,100,337,1,5/24/2025 2:19:30,R_8gNPjrrNHzZ4k55,anonymous,EN-GB,.600000023841858,1,9, , ,1, ,1, , ,1, , , , , , ,1,1,1, , ,1, , , , ,1,0,1,0,0,0,3,3,1,1,6,3,2,1,1,7,2,9,2,2,2,2,2,2,3,1,1, ,1,1, ,1, , , ,5, ,1, ,2,1,22,15,3,Flyer,Epilepsy & Depression, ,0, ,1,1,19.047619047619,26.7857142857143,8,8,0,0,2.44708994708991,8.77425044091709,5.17549169506766,4.69041575982343,.21769683021706,1.20411998265592,3.87298334620742,1,4,0,0,0,1,1,1
5/24/2025 17:20:32,5/24/2025 17:26:09,0,100,336,1,5/24/2025 17:26:09,R_81iQq5dUGyt54Yz,anonymous,EN-GB,.899999976158142,1,9, ,1,1,1, , , ,1,1,1, , , , ,1, , , , , , ,1, , ,1,0,0,1,1,0,3,1,2,1,9,4,2,1,2,3,5,9,3,2,2,2,3,2,3,1,1, ,1, , ,1, , , ,5, ,1, ,3,3,26,17,3,Flyer,Epilepsy & Depression, ,0, ,1,1,23.8095238095238,33.9285714285714,10,10,0,0,9.58994708994705,13.5361552028218,5.82482372510718,5.09901951359278,.626300583986414,1.25527250510331,4.12310562561766,1,4,0,0,0,1,1,1
5/22/2025 23:26:37,5/22/2025 23:30:28,0,100,230,1,5/22/2025 23:30:28,R_21747FchYQgFWav,anonymous,EN-GB,.699999988079071,1,9, ,1,1,1,1, , ,1,1,1,1, , , ,1, , , , , , , , , ,0,0,0,0,0,0,2,3,2,1,3,1,1,1,1,7,1,9,1,1,1,1,1,1,1,1,1, ,1, ,1,1, , , ,5, ,1, ,0,3,15,7,3,Reddit,Control, ,0, ,0,0,0,14.2857142857143,11,3,1,0,2.42587601078168,-5.12129380053908,3.77964473009227,3.87298334620742,.234855214658213,.903089986991944,2.64575131106459,1,1,1,0,0,0,1,1
5/24/2025 21:30:04,5/24/2025 21:45:07,0,100,902,1,5/24/2025 21:45:08,R_8vjIb9dAMzRi77i,anonymous,EN-GB,.800000011920929,1,9, ,1, , , , , , ,1, ,1, , , ,1, , , , , , , , , ,1,0,1,1,0,0,3,1,2,1,4,1,2,1,1,2,3,9,1,2,1,2,1,1,1,1,1, ,1, , ,1, , , ,5, ,1, ,3,3,14,9,3,Flyer,Epilepsy, ,0, ,1,0,4.76190476190476,12.5,11,3,1,0,-10.7467532467533,-3.03030303030304,3.53553390593274,3.74165738677394,-.673364574898785,1,3,1,3,0,0,1,0,1,1
5/24/2025 21:30:04,5/24/2025 21:45:07,0,100,902,1,5/24/2025 21:45:08,R_8vjIb9dAMzRi77i,anonymous,EN-GB,.800000011920929,1,9, ,1, , , , , , ,1, ,1, , , ,1, , , , , , , , , ,1,0,1,1,0,0,3,1,2,1,4,1,2,1,1,2,3,9,1,2,1,2,1,1,1,1,1, ,1, , ,1, , , ,5, ,1, ,3,3,14,9,3,Flyer,Epilepsy, ,0, ,1,0,4.76190476190476,12.5,11,3,1,0,-10.7467532467533,-3.03030303030304,3.53553390593274,3.74165738677394,-.673364574898785,1,3,1,3,0,0,1,0,1,1
5/29/2025 23:55:51,5/30/2025 0:01:28,0,100,336,1,5/30/2025 0:01:28,R_8uB8o17VMC2q1ep,anonymous,EN-GB,.899999976158142,1,9, ,1,1,1, ,1, ,1,1,1,1, ,1, ,1, ,1, , , , , , , ,1,0,1,1,0,0,2,1,2,1,6,1,1,1,1,2,2,9,2,2,2,2,2,2,2,1,1, ,1, , ,1, , , ,5, ,1, ,3,4,14,14,3,Reddit,Epilepsy, ,0, ,1,0,16.6666666666667,12.5,11,5,1,0,-10.7467532467533,8.87445887445887,3.53553390593274,3.74165738677394,-.673364574898785,1.17609125905568,3.74165738677394,1,3,0,0,1,0,1,1
5/25/2025 22:22:41,5/25/2025 22:29:45,0,100,423,1,5/25/2025 22:29:45,R_80xpFg5591k3Mxb,anonymous,EN-GB,.899999976158142,1,9, ,1,1,1, ,1, ,1, ,1,1, , , ,1, , , , ,1, , , , ,1,0,1,1,1,0,1,3,1,1,9,1,1,1,1,3,4,9,2,1,1,1,1,1,2,1,1, ,1,1, ,1, , , ,5, ,1, ,4,1,20,9,3,Flyer,Depression, ,0, ,0,1,4.76190476190476,23.2142857142857,11,8,1,0,-6.0185185185185,-10.1851851851852,4.81812055829716,4.47213595499958,-.299357095886094,1,3,1,2,0,1,0,0,1,1
5/26/2025 4:55:14,5/26/2025 5:00:23,0,100,309,1,5/26/2025 5:00:24,R_8GBXlrvXj9FI5MQ,anonymous,EN-GB,1,1,9, ,1,1,1, , , ,1,1,1,1, , , ,1, , , , , ,1, , , ,0,0,0,1,0,0,2,1,2,1,6,1,2,3,1,4,1,9,1,2,2,2,2,3,3,1,1, ,1, , ,1, , , ,5, ,1, ,1,4,18,15,3, ,Epilepsy & Depression, ,0, ,1,1,19.047619047619,19.6428571428571,11,9,1,0,-4.69576719576724,8.77425044091709,4.43202630213959,4.24264068711928,-.230078242487085,1.20411998265592,3.87298334620742,1,4,0,0,0,1,1,1
5/27/2025 19:54:47,5/27/2025 20:00:48,0,100,360,1,5/27/2025 20:00:48,R_20CoqHODSvaofyp,anonymous,EN-GB,.600000023841858,1,9, , , , , , , , , , , ,1,1, , , , , , , , , , , ,0,0,1,0,0,0,2,1,3,1,7,2,2,2,1,3,4,9,2,1,1,2,2,3,3,1,1, ,1, , ,1, , , ,5, ,1, ,1,3,21,14,3,Flyer,Depression, ,0, ,0,1,16.6666666666667,25, ,1,0,0,-4.23280423280422,1.71957671957671,5,4.58257569495584,-.188917355929834,1.17609125905568,3.74165738677394,1,2,0,1,0,0,1,1
5/24/2025 10:45:22,5/24/2025 10:53:39,0,100,497,1,5/24/2025 10:53:40,R_2NIF23yVkjvP3JD,anonymous,EN-GB,.899999976158142,1,9,1,1,1, ,1, , , , , , , , ,1,1, , , , ,1, , , , ,1,0,1,0,1,0,2,3,2,1,4,1,1,1,1,1,1,9,1,1,1,1,1,1,1,2,1, ,1,1, ,1, , , ,5, ,2,66,3,3,10,7,3,Reddit,Control, ,0, ,0,0,0,5.35714285714286,5,8,0,0,-6.50269541778975,-5.12129380053908,2.31455024943138,3.16227766016838,-.475850471380824,.903089986991944,2.64575131106459,1,1,1,0,0,0,1,1
5/23/2025 0:58:17,5/23/2025 1:02:13,0,100,236,1,5/23/2025 1:02:14,R_2e2d4f3ITjswLf0,anonymous,EN-GB,.899999976158142,1,9, ,1, , , , , , , , , , ,1, , , , , , , , , , , ,1,0,1,0,0,1,2,1,2,1,9,1,1,1,1,8,1,9,1,1,1,1,1,1,1,2,1, ,1,1, , , , , ,5, ,1, ,2,5,22,7,3,Interpals,Control, ,0, ,0,0,0,26.7857142857143,2,1,0,0,14.9258760107817,-5.12129380053908,5.17549169506766,4.69041575982343,1.05228762827423,.903089986991944,2.64575131106459,3,1,1,0,0,0,1,1
5/26/2025 2:17:41,5/26/2025 2:23:39,0,100,357,1,5/26/2025 2:23:40,R_8eugjAmIwg7k5YB,anonymous,EN-GB,.899999976158142,1,9, ,1,1, ,1,1, ,1, ,1, , ,1, , , , , , , , , , , ,0,0,0,0,0,0,3,3,3,1,7,3,1,1,1,1,1,9,1,1,1,1,1,1,1,2,1, ,1,1, , , , , ,5, ,1, ,0,1,15,7,3,Interpals,Epilepsy & Depression, ,0, ,1,1,0,14.2857142857143,10,1,0,0,-10.0529100529101,-10.273368606702,3.77964473009227,3.87298334620742,-.599735583398953,.903089986991944,2.64575131106459,3,4,0,0,0,1,1,1
5/25/2025 12:35:48,5/25/2025 12:56:16,0,100,1227,1,5/25/2025 12:56:16,R_8NaYrXfIpe0Zq7P,anonymous,EN-GB,.899999976158142,1,9, ,1,1,1,1, , , , , , , , ,1,1, , , , , , , , , ,1,0,1,0,0,0,2,3,2,1,8,5,1,1,1,2,1,9,1,1,1,1,1,1,2,2,1, ,1,1, , , , , ,5, ,1, ,2,3,19,8,3,Flyer,Epilepsy, ,0, ,1,0,2.38095238095238,21.4285714285714,5,3,0,0,-1.81818181818183,-5.41125541125542,4.62910049886276,4.35889894354067,-.0561230181320527,.954242509439325,2.82842712474619,3,3,0,0,1,0,1,1
5/22/2025 22:01:17,5/22/2025 22:05:21,0,100,243,1,5/22/2025 22:05:21,R_25QlFzKHsorLz3c,anonymous,EN-GB,.899999976158142,1,9, , , , ,1, , , ,1,1,1, , ,1, , , , , , , , , , ,0,1,0,0,0,0,3,2,2,1,3,2,2,3,2,5,1,9,1,3,2,2,3,2,2,2,1, ,1,1, , , , , ,5, ,1, ,1,2,18,15,3,Interpals,Control, ,0, ,0,0,19.047619047619,19.6428571428571,11,2,1,0,7.78301886792454,13.92632524708,4.43202630213959,4.24264068711928,.604512555570081,1.20411998265592,3.87298334620742,3,1,1,0,0,0,1,1
5/27/2025 21:02:15,5/27/2025 21:06:00,0,100,224,1,5/27/2025 21:06:00,R_8hWBkeI4M1zOcZr,anonymous,EN-GB,.899999976158142,1,9, ,1,1,1,1,1, ,1,1, ,1, , , ,1,1,1,1, , , , , , ,1,1,0,0,0,0,2,1,2,1,6,1,1,1,1,1,3,9,1,1,1,3,3,3,1,2,1, ,1,1, , , , , ,5, ,1, ,2,4,14,13,3,Interpals,Epilepsy & Depression, ,0, ,1,1,14.2857142857143,12.5,11,6,1,0,-11.8386243386244,4.01234567901233,3.53553390593274,3.74165738677394,-.731061542832429,1.14612803567824,3.60555127546399,3,4,0,0,0,1,1,1
5/23/2025 18:39:10,5/23/2025 18:45:41,0,100,391,1,5/23/2025 18:45:42,R_8dieoEQdVZOrO4b,anonymous,EN-GB,.800000011920929,1,9, ,1,1,1,1,1,1,1,1,1,1, , ,1,1,1,1,1,1, , , , , ,1,0,1,1,1,0,2,2,2,1,8,2,3,1,2,1,5,9,3,1,1,1,2,2,3,2,1, ,1,1, , , , , ,5, ,1, ,4,3,22,13,3,Interpals,Depression, ,0, ,0,1,14.2857142857143,26.7857142857143,11,7,1,0,-2.44708994708994,-.661375661375668,5.17549169506766,4.69041575982343,-.0810772910622442,1.14612803567824,3.60555127546399,3,2,0,1,0,0,1,1
5/21/2025 8:09:07,5/21/2025 8:11:50,0,100,162,1,5/21/2025 8:11:50,R_2litMU6NstD9g70,anonymous,EN-GB,.899999976158142,1,9, ,1,1,1,1,1,1,1,1,1,1, , ,1,1, , , ,1,1, , , , ,1,0,1,0,0,1,2,1,2,1,7,1,1,1,1,1,5,9,1,1,1,1,1,1,1,2,1, ,1,1, , , , , ,5, ,1, ,2,5,17,7,3,PollPool,Epilepsy & Depression, ,0, ,1,1,0,17.8571428571429,11,8,1,0,-6.48148148148152,-10.273368606702,4.22577127364258,4.12310562561766,-.349613303988709,.903089986991944,2.64575131106459,3,4,0,0,0,1,1,1
5/24/2025 17:48:17,5/24/2025 19:07:54,0,100,4777,1,5/24/2025 19:07:54,R_81vdffPoDRHwK6P,anonymous,EN-GB, ,1,9, ,1,1,1, ,1, , , ,1,1, , ,1,1,1,1,1, ,1, , , , ,1,0,1,1,0,1,2,1,2,1,5,1,1,1,1,1,1,9,1,1,1,1,1,1,1,2,1, ,1,1, , , , , ,5, ,1, ,3,5,11,7,3,Flyer,Control, ,0, ,0,0,0,7.14285714285714,11,8,1,0,-4.71698113207546,-5.12129380053908,2.67261241912424,3.3166247903554,-.321503341193804,.903089986991944,2.64575131106459,3,1,1,0,0,0,1,1
5/26/2025 10:49:06,5/26/2025 10:53:30,0,100,264,1,5/26/2025 10:53:31,R_208zB2l2H1Pn8P0,anonymous,EN-GB,1,1,9, , , , , , , , , , , ,1,1, , , , , , , , , , , ,0,0,1,1,0,0,2,3,2,1,7,6,5,2,2,3,3,9,2,2,2,2,3,3,3,2,1, ,1,1, , , , , ,5, ,1, ,2,3,28,17,3,PollPool,Depression, ,0, ,0,1,23.8095238095238,37.5, ,1,0,0,8.26719576719578,8.86243386243385,6.12372435695795,5.29150262212918,.520009571243508,1.25527250510331,4.12310562561766,3,2,0,1,0,0,1,1
5/25/2025 0:28:24,5/25/2025 0:33:22,0,100,298,1,5/25/2025 0:33:23,R_2unv3U3s3qpuBIR,anonymous,EN-GB,.899999976158142,1,9, ,1,1,1,1,1, ,1,1,1, , , ,1,1,1, , , , , , , , ,1,0,1,0,0,1,3,1,2,1,9,3,2,1,1,2,2,9,2,2,2,2,2,2,2,3,1, ,1,1, , , , , ,5, ,1, ,2,4,20,14,3,Flyer,Epilepsy, ,0, ,1,0,16.6666666666667,23.2142857142857,10,4,0,0,-.0324675324675425,8.87445887445887,4.81812055829716,4.47213595499958,.057113993326853,1.17609125905568,3.74165738677394,3,3,0,0,1,0,1,1
5/22/2025 20:57:34,5/22/2025 21:02:55,0,100,320,1,5/22/2025 21:02:56,R_2QrD7NfiifhwF34,anonymous,EN-GB,.699999988079071,1,9, ,1,1,1,1,1, ,1,1,1,1, ,1, , , , , , , , , , , ,1,0,1,1,0,0,2,1,2,1,9,8,2,1,1,9,2,9,1,2,2,1,2,2,2,3,1, ,1,1, , , , , ,5, ,1, ,3,4,32,12,3,Interpals,Epilepsy & Depression, ,0, ,1,1,11.9047619047619,44.6428571428571,11,1,1,0,20.3042328042328,1.63139329805994,6.68153104781061,5.65685424949238,1.18413531988601,1.11394335230684,3.46410161513775,3,4,0,0,0,1,1,1
5/15/2025 11:19:04,5/15/2025 11:24:18,0,100,314,1,5/15/2025 11:24:19,R_81ZPXZgfIP694Zl,anonymous,EN,1,1,9, ,1,1, , , , ,1,1, , , , , ,1, , ,1, , ,1, , , ,1,1,1,0,0,1,2,1,2,1,7,1,1,1,1,2,4,9,1,3,2,2,1,2,2,4,1, ,1,1, , , , , ,5, ,1, ,3,5,17,13,3, ,Depression, ,0, ,0,1,14.2857142857143,17.8571428571429,9,9,0,0,-11.3756613756614,-.661375661375668,4.22577127364258,4.12310562561766,-.648387425268013,1.14612803567824,3.60555127546399,3,2,0,1,0,0,1,1
5/24/2025 23:14:31,5/24/2025 23:20:59,0,100,387,1,5/24/2025 23:20:59,R_2KQ9o38p3Pm0v3r,anonymous,EN-GB,.699999988079071,1,9, ,1,1,1,1,1, , ,1,1,1, , ,1,1, , , , ,1, , , , ,1,1,1,1,0,1,2,1,2,1,5,1,1,1,1,1,5,9,1,1,3,1,1,2,3,4,1, ,1, , , , ,1, ,5, ,1, ,4,5,15,12,3,Flyer,Epilepsy, ,0, ,1,0,11.9047619047619,14.2857142857143,11,8,1,0,-8.96103896103897,4.1125541125541,3.77964473009227,3.87298334620742,-.54203861546531,1.11394335230684,3.46410161513775,5,3,0,0,1,0,1,1
5/26/2025 15:04:04,5/26/2025 15:08:02,0,100,237,1,5/26/2025 15:08:03,R_2jOoZSgeVfGgOPO,anonymous,EN-GB,.899999976158142,1,9, ,1,1, , , , , , , , , , , ,1, , , , , , , , , ,1,0,1,1,0,0,3,1,2,1,5,1,1,1,1,5,2,9,2,2,2,2,2,2,2,5,1, ,1, , , , ,1, ,5, ,1, ,3,3,16,14,3,Interpals,Depression, ,0, ,0,1,16.6666666666667,16.0714285714286,3,3,0,0,-13.1613756613756,1.71957671957671,4.00891862868637,4,-.771493050885674,1.17609125905568,3.74165738677394,5,2,0,1,0,0,1,1
5/24/2025 18:06:11,5/24/2025 18:12:34,0,100,383,1,5/24/2025 18:12:35,R_8QY5rhh4dEChhkJ,anonymous,EN-GB,.600000023841858,1,9, , , , ,1, , , , , , , , , , , , , , , , , , ,1,0,0,0,0,0,0,3,1,3,3,3,3,2,1,1,7,4,9,2,2,2,2,3,2,2,1,2, ,1,1, ,1, , , ,5, ,1, ,0,1,21,15,3,Flyer,Control, ,0, ,0,0,19.047619047619,25,5, ,0, ,13.1401617250674,13.92632524708,5,4.58257569495584,.944447563406636,1.20411998265592,3.87298334620742,1,1,1,0,0,0,2,2
5/21/2025 15:43:59,5/21/2025 15:49:03,0,100,303,1,5/21/2025 15:49:03,R_2XimZ1ZwnEMnEHp,anonymous,EN-GB,.899999976158142,1,9, ,1, , , , , , ,1, , , ,1, , , , , , , , , , , ,1,0,1,0,0,0,2,3,2,1,3,3,1,1,2,3,5,9,1,1,1,1,1,1,1,1,2, ,1, , ,1, , , ,5, ,1, ,2,3,18,7,3, ,Depression, ,0, ,0,1,0,19.6428571428571,9,1,0,0,-9.58994708994708,-14.94708994709,4.43202630213959,4.24264068711928,-.528852363766389,.903089986991944,2.64575131106459,1,2,0,1,0,0,2,2
5/24/2025 18:37:30,5/24/2025 18:40:38,0,100,188,1,5/24/2025 18:40:39,R_81bFlFf5PwNp58v,anonymous,EN-GB,.899999976158142,1,9, ,1,1,1, , , ,1,1,1, , , ,1, , , , , , , , , , ,0,0,1,0,0,0,2,3,3,1,6,1,2,1,1,1,4,9,1,1,1,1,1,1,1,1,2, ,1, , ,1, , , ,5, ,1, ,1,2,16,7,3,Flyer,Epilepsy & Depression, ,0, ,1,1,0,16.0714285714286,10,2,0,0,-8.2671957671958,-10.273368606702,4.00891862868637,4,-.47271892960637,.903089986991944,2.64575131106459,1,4,0,0,0,1,2,2
5/24/2025 20:12:06,5/24/2025 20:17:55,0,100,349,1,5/24/2025 20:17:56,R_80SZKCAR1aKCZr5,anonymous,EN-GB,.899999976158142,1,9, , , ,1, , , ,1,1,1, , , ,1, , , , , , , , , , ,1,0,1,0,0,0,3,1,2,1,5,3,2,1,1,3,1,9,1,1,1,1,1,1,1,1,2, ,1, , ,1, , , ,5, ,1, ,2,3,16,7,3,Flyer,Control, ,0, ,0,0,0,16.0714285714286,10,2,0,0,4.21159029649597,-5.12129380053908,4.00891862868637,4,.361871868450796,.903089986991944,2.64575131106459,1,1,1,0,0,0,2,2
5/22/2025 17:16:42,5/22/2025 17:24:26,0,100,463,1,5/22/2025 17:24:26,R_2UgW20wViT0FX10,anonymous,EN-GB,.699999988079071,1,9,1, ,1, , , , , , , , , ,1, ,1, , , , , , , , , ,0,0,1,1,0,0,3,1,2,1,8,3,1,1,1,1,9,9,1,1,1,1,2,1,1,1,2, ,1, , ,1, , , ,5, ,1, ,2,3,24,8,3,Reddit,Epilepsy & Depression, ,0, ,1,1,2.38095238095238,30.3571428571429,3,3,0,0,6.01851851851848,-7.89241622574958,5.5097316501934,4.89897948556636,.426260555959986,.954242509439325,2.82842712474619,1,4,0,0,0,1,2,2
5/17/2025 13:44:06,5/17/2025 13:47:55,0,100,228,1,5/17/2025 13:47:55,R_2B5NTP14rCg2XnV,anonymous,EN-GB,.899999976158142,1,9, ,1,1,1,1, , ,1,1, , , , ,1,1, ,1, , , , , , , ,1,1,1,0,1,1,2,1,2,1,7,1,2,1,1,1,1,9,1,1,1,1,2,1,1,1,2, ,1, , ,1, , , ,5, ,2,66,4,5,14,8,3,SurveySwap,Epilepsy, ,0, ,1,0,2.38095238095238,12.5,9,5,0,0,-10.7467532467533,-5.41125541125542,3.53553390593274,3.74165738677394,-.673364574898785,.954242509439325,2.82842712474619,1,3,0,0,1,0,2,2
5/22/2025 20:30:09,5/22/2025 20:33:07,0,100,178,1,5/22/2025 20:33:08,R_2nVhJzuNvGOHqfv,anonymous,EN-GB,.800000011920929,1,9, ,1, ,1, ,1, , ,1,1, , , ,1, , , , , , ,1, , , ,0,0,1,0,0,0,3,1,2,1,6,4,3,2,1,4,5,9,1,2,2,1,2,1,1,1,2, ,1, , ,1, , , ,5, ,1, ,1,3,25,10,3,Flyer,Depression, ,0, ,0,1,7.14285714285714,32.1428571428571,10,9,0,0,2.91005291005293,-7.80423280423281,5.66946709513841,5,.228506949114326,1.04139268515823,3.16227766016838,1,2,0,1,0,0,2,2
5/24/2025 20:22:41,5/24/2025 20:31:07,0,100,505,1,5/24/2025 20:31:08,R_8IMpwoho5JiSQd8,anonymous,EN-GB,.800000011920929,1,9, , ,1, ,1, , , ,1, , , , , ,1, , , , , , ,1, , ,1,0,1,0,0,0,2,1,3,1,7,1,1,1,1,2,1,9,1,1,1,1,1,1,1,1,2, ,1, , ,1, , , ,5, ,1, ,2,3,14,7,3,Flyer,Control, ,0, ,0,0,0,12.5,9,10,0,0,.640161725067394,-5.12129380053908,3.53553390593274,3.74165738677394,.103529255224737,.903089986991944,2.64575131106459,1,1,1,0,0,0,2,2
5/28/2025 13:32:32,5/28/2025 13:38:43,0,100,370,1,5/28/2025 13:38:43,R_27CVwNJVchToeu5,anonymous,EN-GB,.600000023841858,1,9, ,1,1,1, ,1, ,1, , , , , ,1,1,1,1,1,1, , , ,1, ,1,1,0,1,0,1,2,1,2,1,4,2,1,1,1,2,1,9,1,2,2,1,2,2,2,1,2, ,1, , ,1, , , ,5, ,1, ,3,5,12,12,3, ,Control, ,0, ,0,0,11.9047619047619,8.92857142857143,8,11,0,1,-2.93126684636118,6.78346810422282,2.98807152333598,3.46410161513775,-.17402651641145,1.11394335230684,3.46410161513775,1,1,1,0,0,0,2,2
5/22/2025 14:35:05,5/22/2025 14:37:56,0,100,171,1,5/22/2025 14:37:57,R_268YmErJ9aPrInp,anonymous,EN-GB,.800000011920929,1,9, , ,1, , ,1, , , ,1, , ,1, , , , , , , , , , , ,1,0,0,1,0,1,2,3,2,1,7,6,5,4,4,4,7,9,2,3,3,3,2,2,3,1,2, ,1,1, , , , , ,5, ,1, ,2,4,37,18,3, ,Epilepsy & Depression, ,0, ,1,1,26.1904761904762,53.5714285714286,10,1,0,0,29.2328042328042,15.9171075837742,7.319250547114,6.08276253029822,1.61004360069185,1.27875360095283,4.24264068711928,3,4,0,0,0,1,2,2
5/24/2025 18:06:27,5/24/2025 18:10:01,0,100,214,1,5/24/2025 18:10:01,R_8cS8G5zSPKBuC9y,anonymous,EN-GB,.800000011920929,1,9, ,1, , ,1,1, ,1,1,1,1, ,1, , , , , , , , , , , ,1,0,0,0,0,0,2,1,1,1,6,1,2,1,1,5,9,9,3,2,3,2,3,1,3,1,2, ,1, , ,1, , , ,5, ,1, ,1,3,25,17,3,Flyer,Epilepsy & Depression, ,0, ,1,1,23.8095238095238,32.1428571428571,11,1,1,0,7.80423280423277,13.5361552028218,5.66946709513841,5,.52728107039363,1.25527250510331,4.12310562561766,1,4,0,0,0,1,2,2
5/25/2025 9:31:40,5/25/2025 9:36:44,0,100,303,1,5/25/2025 9:36:45,R_8FCHe5DwWPqrJz0,anonymous,EN-GB,1,1,9, , ,1,1, , , , , , ,1, ,1, , , , , , , , , , , ,1,0,1,1,0,0,2,3,2,1,7,2,3,1,1,2,4,9,2,1,1,2,1,2,3,1,2, ,1, , ,1, , , ,5, ,1, ,3,3,20,12,3,Flyer,Epilepsy, ,0, ,1,0,11.9047619047619,23.2142857142857,11,1,1,0,-.0324675324675425,4.1125541125541,4.81812055829716,4.47213595499958,.057113993326853,1.11394335230684,3.46410161513775,1,3,0,0,1,0,2,2
5/15/2025 22:34:25,5/15/2025 22:37:14,0,100,168,1,5/15/2025 22:37:14,R_2H7gQ3bnAALXjft,anonymous,EN,.699999988079071,1,9, , ,1,1, , , , , , ,1, ,1, , , , , , , , , , , ,1,0,1,1,0,1,3,1,2,1,2,1,1,1,1,7,1,9,1,1,1,1,1,2,2,1,2, ,1,1, ,1, , , ,5, ,1, ,3,4,14,9,3, ,Control, ,0, ,0,0,4.76190476190476,12.5,11,1,1,0,.640161725067394,-.359389038634321,3.53553390593274,3.74165738677394,.103529255224737,1,3,1,1,1,0,0,0,2,2
5/23/2025 8:51:50,5/23/2025 8:55:15,0,100,204,1,5/23/2025 8:55:16,R_8nAbgbSMPyblGlL,anonymous,EN-GB,.699999988079071,1,9, ,1,1,1, ,1, ,1,1,1,1, , ,1, , , , , , , , , , ,1,0,0,1,0,0,2,1,2,1,5,1,1,1,1,5,1,9,1,1,1,1,2,2,1,1,2, ,1, , ,1, , , ,5, ,1, ,2,4,15,9,3,Reddit,Control, ,0, ,0,0,4.76190476190476,14.2857142857143,11,2,1,0,2.42587601078168,-.359389038634321,3.77964473009227,3.87298334620742,.234855214658213,1,3,1,1,1,0,0,0,2,2
5/28/2025 12:56:04,5/28/2025 13:00:39,0,100,274,1,5/28/2025 13:00:39,R_2QKK9istLCivvXZ,anonymous,EN-GB,.699999988079071,1,9, ,1,1,1,1,1, ,1,1,1,1, , ,1, , , , , , , , , , ,1,0,1,0,0,1,2,1,2,1,6,5,1,1,1,5,2,9,2,1,1,2,2,2,3,1,2, ,1, , ,1, , , ,5, ,1, ,2,5,21,13,3, ,Epilepsy & Depression, ,0, ,1,1,14.2857142857143,25,11,2,1,0,.661375661375622,4.01234567901233,5,4.58257569495584,.10985676534947,1.14612803567824,3.60555127546399,1,4,0,0,0,1,2,2
5/16/2025 18:50:22,5/16/2025 21:10:42,0,100,8419,1,5/16/2025 21:10:42,R_2PyHUiTCwyCJ9ub,anonymous,EN-GB,.899999976158142,1,9, , ,1,1, , , , , , ,1, , , ,1, , , , , , , , , ,0,0,1,1,0,0,3,1,2,1,2,3,1,1,1,6,2,9,1,2,2,1,2,1,2,1,2, ,1, , ,1, , , ,5, ,2,128,2,3,16,11,3,SurveySwap,Control, ,0, ,0,0,9.52380952380952,16.0714285714286,11,3,1,0,4.21159029649597,4.40251572327044,4.00891862868637,4,.361871868450796,1.07918124604762,3.3166247903554,1,1,1,0,0,0,2,2
5/27/2025 9:00:40,5/27/2025 9:05:34,0,100,294,1,5/27/2025 9:05:35,R_8svx4xbrNlt6X3k,anonymous,EN-GB,.800000011920929,1,9, ,1,1, , , , ,1,1, ,1, ,1, ,1, , , , , , , , , ,1,0,1,0,0,1,2,1,2,1,7,1,1,1,1,2,2,9,1,2,2,2,2,1,2,1,2, ,1, , ,1, , , ,5, ,1, ,2,5,15,12,3,Flyer,Epilepsy & Depression, ,0, ,1,1,11.9047619047619,14.2857142857143,11,3,1,0,-10.0529100529101,1.63139329805994,3.77964473009227,3.87298334620742,-.599735583398953,1.11394335230684,3.46410161513775,1,4,0,0,0,1,2,2
5/27/2025 17:30:57,5/27/2025 17:35:09,0,100,251,1,5/27/2025 17:35:10,R_2N5M5m4a7NcokQ9,anonymous,EN-GB,1,1,9, ,1,1,1, , , ,1,1,1,1, , ,1,1, , , , , , , , , ,1,0,1,0,0,1,2,1,2,1,9,1,3,1,1,1,1,9,1,1,1,1,1,1,1,1,2, ,1, , ,1, , , ,5, ,1, ,2,5,17,7,3,SurveyCircle,Epilepsy & Depression, ,0, ,1,1,0,17.8571428571429,11,3,1,0,-6.48148148148152,-10.273368606702,4.22577127364258,4.12310562561766,-.349613303988709,.903089986991944,2.64575131106459,1,4,0,0,0,1,2,2
5/27/2025 17:38:34,5/27/2025 17:43:02,0,100,267,1,5/27/2025 17:43:03,R_2cEvCeGseySVmCJ,anonymous,EN-GB,.699999988079071,1,9, ,1,1,1, , , , , , ,1, , , ,1, , , , , , , , , ,1,0,1,1,0,0,2,1,2,1,7,1,2,1,1,2,2,9,1,1,1,1,1,1,2,1,2, ,1, , ,1, , , ,5, ,1, ,3,4,16,8,3,Flyer,Epilepsy, ,0, ,1,0,2.38095238095238,16.0714285714286,11,3,1,0,-7.17532467532468,-5.41125541125542,4.00891862868637,4,-.415021961672727,.954242509439325,2.82842712474619,1,3,0,0,1,0,2,2
5/23/2025 9:45:53,5/23/2025 9:48:22,0,100,149,1,5/23/2025 9:48:23,R_9saO38WQiImXzTH,anonymous,EN-GB,.899999976158142,1,9, , , , ,1, , , ,1,1,1, , , ,1, ,1, , , , , , , ,1,0,0,1,0,1,2,1,2,1,9,4,4,1,1,8,9,9,2,2,2,2,3,3,3,1,2, ,1, , ,1, , , ,5, ,2,159,2,5,36,17,3,Reddit,Epilepsy & Depression, ,0, ,1,1,23.8095238095238,51.7857142857143,11,5,1,0,27.4470899470899,13.5361552028218,7.19622917128924,6,1.52728107039363,1.25527250510331,4.12310562561766,1,4,0,0,0,1,2,2
5/24/2025 18:15:21,5/24/2025 18:22:18,0,100,416,1,5/24/2025 18:22:19,R_8uQjE8Irgc1clnS,anonymous,EN-GB,.800000011920929,1,9, ,1,1,1,1, , ,1,1,1,1, , , ,1, ,1, , , , , , , ,1,0,0,1,0,0,3,3,3,3,8,2,1,2,1,3,6,9,1,1,1,1,1,1,2,1,2, ,1, , ,1, , , ,5, ,1, ,2,0,23,8,3,Flyer,Depression, ,0, ,0,1,2.38095238095238,28.5714285714286,11,5,1,0,-.661375661375651,-12.5661375661376,5.34522483824849,4.79583152331272,.0243384724270452,.954242509439325,2.82842712474619,1,2,0,1,0,0,2,2
5/22/2025 20:26:15,5/22/2025 20:30:41,0,100,266,1,5/22/2025 20:30:42,R_2zwKrJLD0QXI5pv,anonymous,EN-GB,.800000011920929,1,9, , ,1,1, , , , , , ,1, , , , , , ,1, , , , , , ,1,0,1,0,0,0,2,1,1,1,9,1,2,1,1,7,5,9,1,2,2,2,2,1,3,1,2, ,1, , ,1, , , ,5, ,1, ,2,3,26,13,3,Flyer,Epilepsy & Depression, ,0, ,1,1,14.2857142857143,33.9285714285714,11,6,1,0,9.58994708994705,4.01234567901233,5.82482372510718,5.09901951359278,.626300583986414,1.14612803567824,3.60555127546399,1,4,0,0,0,1,2,2
5/21/2025 20:16:58,5/21/2025 20:21:39,0,100,280,1,5/21/2025 20:21:39,R_2CjsI6gq5k2Jdwy,anonymous,EN-GB,.899999976158142,1,9, , , ,1, , , ,1,1,1,1, , , , , , , , ,1, , , , ,1,1,1,1,0,1,1,2,2,1,1,1,3,1,1,5,1,9,1,1,1,1,1,1,1,1,2, ,1, , ,1, , , ,5, ,1, ,4,3,13,7,3, ,Control, ,0, ,0,0,0,10.7142857142857,11,8,1,0,-1.14555256064689,-5.12129380053908,3.27326835353989,3.60555127546399,-.0325768560852149,.903089986991944,2.64575131106459,1,1,1,0,0,0,2,2
5/24/2025 19:56:56,5/24/2025 20:00:26,0,100,209,1,5/24/2025 20:00:26,R_8hE79NKS4EC7TTX,anonymous,EN-GB,.899999976158142,1,9, ,1,1,1,1,1,1,1,1,1,1, , ,1,1,1, ,1, ,1, , , , ,1,0,1,1,1,0,1,1,2,1,1,1,1,1,1,9,1,9,1,1,1,1,1,1,1,1,2, ,1, , ,1, , , ,5, ,1, ,4,3,15,7,3,Flyer,Control, ,0, ,0,0,0,14.2857142857143,11,8,1,0,2.42587601078168,-5.12129380053908,3.77964473009227,3.87298334620742,.234855214658213,.903089986991944,2.64575131106459,1,1,1,0,0,0,2,2
5/24/2025 18:36:54,5/24/2025 18:42:49,0,100,355,1,5/24/2025 18:42:50,R_2B55M6i8a57Gx7q,anonymous,EN-GB,.699999988079071,1,9, ,1,1,1,1,1, , , , ,1, , , , , , , , ,1, , , , ,1,0,1,1,0,1,2,1,2,1,4,1,1,1,1,1,5,9,1,1,1,1,1,1,2,1,2, ,1,1, ,1, , , ,5, ,1, ,3,5,14,8,3,Flyer,Epilepsy & Depression, ,0, ,1,1,2.38095238095238,12.5,11,8,1,0,-11.8386243386244,-7.89241622574958,3.53553390593274,3.74165738677394,-.731061542832429,.954242509439325,2.82842712474619,1,4,0,0,0,1,2,2
5/26/2025 19:06:31,5/26/2025 19:11:01,0,100,270,1,5/26/2025 19:11:02,R_2dWf2AzXMFvyPap,anonymous,EN-GB,.899999976158142,1,9, ,1,1,1,1,1, ,1,1,1,1, , , ,1,1,1, , ,1,1,1, , ,1,0,1,1,0,0,3,1,1,1,9,1,5,1,2,3,7,9,1,1,1,1,1,2,2,1,2, ,1, , ,1, , , ,5, ,1, ,3,2,28,9,3,Flyer,Epilepsy & Depression, ,0, ,1,1,4.76190476190476,37.5,11,10,1,0,13.1613756613756,-5.5114638447972,6.12372435695795,5.29150262212918,.818783692522811,1,3,1,4,0,0,0,1,2,2
5/21/2025 17:51:14,5/21/2025 17:56:10,0,100,296,1,5/21/2025 17:56:10,R_2bPkrLpOo1fuy0T,anonymous,EN-GB,1,1,9, ,1,1, , ,1, ,1,1, ,1, , , , , , , , ,1,1, ,1, ,1,1,1,1,0,0,2,1,2,1,3,1,1,1,2,4,1,9,1,1,1,1,1,1,1,1,2, ,1, , ,1, , , ,5, ,1, ,4,4,13,7,3, ,Control, ,0, ,0,0,0,10.7142857142857,11,11,1,1,-1.14555256064689,-5.12129380053908,3.27326835353989,3.60555127546399,-.0325768560852149,.903089986991944,2.64575131106459,1,1,1,0,0,0,2,2
5/15/2025 22:42:43,5/15/2025 22:49:09,0,100,385,1,5/15/2025 22:49:09,R_8NelLouK7okcsZj,anonymous,EN,.699999988079071,1,9, ,1,1,1,1,1, , ,1,1,1, ,1, , , , , , , , , , , ,1,0,1,1,1,0,2,1,2,1,7,2,1,1,1,2,3,9,1,1,1,1,1,1,2,1,2, ,1,1, , , , , ,5, ,1, ,4,4,17,8,3, ,Epilepsy & Depression, ,0, ,1,1,2.38095238095238,17.8571428571429,11,1,1,0,-6.48148148148152,-7.89241622574958,4.22577127364258,4.12310562561766,-.349613303988709,.954242509439325,2.82842712474619,3,4,0,0,0,1,2,2
5/27/2025 12:54:52,5/27/2025 12:59:10,0,100,258,1,5/27/2025 12:59:11,R_2fpczQTjhcoJC6J,anonymous,EN-GB,.800000011920929,1,9, ,1,1,1,1,1, ,1,1,1,1, ,1, , , , , , , , , , , ,0,0,1,0,1,0,2,3,3,1,2,2,1,1,1,7,3,9,2,2,2,1,2,2,1,1,2, ,1,1, , , , , ,5, ,1, ,2,2,17,12,3,Flyer,Control, ,0, ,0,0,11.9047619047619,17.8571428571429,11,1,1,0,5.99730458221025,6.78346810422282,4.22577127364258,4.12310562561766,.484977494068457,1.11394335230684,3.46410161513775,3,1,1,0,0,0,2,2
5/24/2025 18:28:15,5/24/2025 18:32:20,0,100,244,1,5/24/2025 18:32:20,R_2eUT92P7wdteigF,anonymous,EN-GB,.899999976158142,1,9, ,1,1,1,1,1, ,1,1,1,1, , ,1,1,1,1,1, ,1, ,1, , ,1,0,1,1,1,0,1,1,3,1,2,1,1,1,1,3,3,9,1,1,1,1,1,1,1,1,2, ,1,1, , , , , ,5, ,1, ,4,2,12,7,3,Flyer,Control, ,0, ,0,0,0,8.92857142857143,11,10,1,0,-2.93126684636118,-5.12129380053908,2.98807152333598,3.46410161513775,-.17402651641145,.903089986991944,2.64575131106459,3,1,1,0,0,0,2,2
5/15/2025 1:46:30,5/15/2025 1:49:23,0,100,172,1,5/15/2025 1:49:24,R_33qP1i914JbwQ93,anonymous,EN,.899999976158142,1,9, , , , , , , , , , , ,1,1, , , , , , , , , , , ,0,0,1,0,1,0,2,2,1,1,9,4,1,1,1,7,6,9,2,3,3,3,2,2,3,1,2, ,1, , ,1, , , ,5, ,2,188,2,2,29,18,3, ,Epilepsy & Depression, ,0, ,1,1,26.1904761904762,39.2857142857143, ,1,0,0,14.9470899470899,15.9171075837742,6.26783170528009,5.3851648071345,.912445877528134,1.27875360095283,4.24264068711928,1,4,0,0,0,1,2,2
5/24/2025 19:33:15,5/24/2025 19:38:30,0,100,315,1,5/24/2025 19:38:31,R_8CPPoVhdL0FKpCD,anonymous,EN-GB,1,1,9, ,1,1,1, ,1, , ,1, , , ,1, , , , , , , , , , , ,0,0,1,0,0,0,3,1,3,1,1,1,1,1,1,9,1,9,1,1,1,1,1,1,1,2,2, ,1,1, , , , , ,5, ,1, ,1,2,15,7,3,Flyer,Control, ,0, ,0,0,0,14.2857142857143,9,1,0,0,2.42587601078168,-5.12129380053908,3.77964473009227,3.87298334620742,.234855214658213,.903089986991944,2.64575131106459,3,1,1,0,0,0,2,2
5/24/2025 19:33:33,5/24/2025 19:38:39,0,100,305,1,5/24/2025 19:38:39,R_20h0ptKJXoXt0zf,anonymous,EN-GB,.400000005960464,1,9, ,1,1, ,1, , , ,1, , , ,1, , , , , , , , , , , ,0,0,1,1,0,0,1,3,1,1,4,1,1,2,2,5,7,9,2,2,2,1,2,2,2,2,2, ,1,1, , , , , ,5, ,1, ,2,1,22,13,3,Flyer,Epilepsy & Depression, ,0, ,1,1,14.2857142857143,26.7857142857143,9,1,0,0,2.44708994708991,4.01234567901233,5.17549169506766,4.69041575982343,.21769683021706,1.14612803567824,3.60555127546399,3,4,0,0,0,1,2,2
5/15/2025 11:44:37,5/15/2025 11:47:51,0,100,193,1,5/15/2025 11:47:52,R_2QhDEbSoXDwej6c,anonymous,EN,.899999976158142,1,9, , ,1,1, ,1,1,1,1, , , , ,1, , , , , , , , , , ,0,0,0,0,0,1,2,1,2,1,6,1,1,1,1,1,1,9,1,1,1,1,1,1,1,2,2, ,1,1, , , , , ,5, ,1, ,0,5,12,7,3, ,Control, ,0, ,0,0,0,8.92857142857143,9,2,0,0,-2.93126684636118,-5.12129380053908,2.98807152333598,3.46410161513775,-.17402651641145,.903089986991944,2.64575131106459,3,1,1,0,0,0,2,2
5/24/2025 16:59:14,5/24/2025 17:05:47,0,100,392,1,5/24/2025 17:05:47,R_2tOcT3f2BAWhkPf,anonymous,EN-GB,.5,1,9, ,1,1,1, , , , ,1,1, , , ,1, , , , , , , , , , ,1,0,1,1,0,1,3,1,2,1,1,1,1,1,1,3,1,9,1,1,1,1,1,1,1,2,2, ,1,1, , , , , ,5, ,1, ,3,4,9,7,3,Flyer,Epilepsy & Depression, ,0, ,1,1,0,3.57142857142857,10,2,0,0,-20.7671957671958,-10.273368606702,1.88982236504614,3,-1.47271892960637,.903089986991944,2.64575131106459,3,4,0,0,0,1,2,2
5/24/2025 20:08:36,5/24/2025 20:13:13,0,100,277,1,5/24/2025 20:13:14,R_87Vj5OY5vKLouR8,anonymous,EN-GB,.800000011920929,1,9, ,1, , , ,1, , , ,1, , , ,1, ,1, , , , , ,1, , ,1,0,1,1,1,1,2,1,2,1,8,7,1,1,1,1,7,9,1,1,1,1,2,2,1,2,2, ,1,1, , , , , ,5, ,1, ,4,5,26,9,3,Flyer,Depression, ,0, ,0,1,4.76190476190476,33.9285714285714,10,10,0,0,4.69576719576721,-10.1851851851852,5.82482372510718,5.09901951359278,.327526462707111,1,3,3,2,0,1,0,0,2,2
5/26/2025 19:09:43,5/26/2025 19:14:51,0,100,308,1,5/26/2025 19:14:51,R_8IslaGyrjI6Z3xL,anonymous,EN-GB,.800000011920929,1,9, ,1,1,1,1,1, ,1,1,1,1, , ,1, , , , , , , , , , ,1,0,1,0,0,0,2,1,2,1,4,3,1,1,1,6,1,9,1,1,1,1,1,1,1,2,2, ,1,1, , , , , ,5, ,1, ,2,4,17,7,3,Flyer,Depression, ,0, ,0,1,0,17.8571428571429,11,2,1,0,-11.3756613756614,-14.94708994709,4.22577127364258,4.12310562561766,-.648387425268013,.903089986991944,2.64575131106459,3,2,0,1,0,0,2,2
5/24/2025 17:28:42,5/24/2025 17:37:08,0,100,505,1,5/24/2025 17:37:08,R_8n6Pd1E638P7SVP,anonymous,EN-GB,.699999988079071,1,9, ,1,1,1,1,1, , ,1, ,1, , , ,1,1, ,1, , , , , , ,1,0,1,1,0,1,1,1,2,1,1,1,1,1,1,1,9,9,1,1,1,1,1,1,1,2,2, ,1,1, , , , , ,5, ,1, ,3,4,15,7,3,Flyer,Epilepsy & Depression, ,0, ,1,1,0,14.2857142857143,11,6,1,0,-10.0529100529101,-10.273368606702,3.77964473009227,3.87298334620742,-.599735583398953,.903089986991944,2.64575131106459,3,4,0,0,0,1,2,2
5/22/2025 20:44:09,5/22/2025 20:49:21,0,100,312,1,5/22/2025 20:49:22,R_8NE83LqGRFCOG0E,anonymous,EN-GB,.800000011920929,1,9, ,1,1,1,1,1, ,1,1,1,1, , ,1,1, , , , ,1, , , , ,1,0,1,1,1,1,2,1,3,1,9,1,1,1,1,2,5,9,1,1,1,1,1,1,1,2,2, ,1,1, , , , , ,5, ,1, ,4,4,20,7,3,Flyer,Control, ,0, ,0,0,0,23.2142857142857,11,8,1,0,11.3544474393531,-5.12129380053908,4.81812055829716,4.47213595499958,.834007823450376,.903089986991944,2.64575131106459,3,1,1,0,0,0,2,2
5/25/2025 0:25:46,5/25/2025 0:27:58,0,100,131,1,5/25/2025 0:27:59,R_8nOWSZiZHr2fCX7,anonymous,EN-GB,.899999976158142,1,9, ,1,1,1,1,1, ,1,1,1,1, , ,1, , , , , ,1, , , , ,0,0,0,0,0,1,1,1,2,1,8,2,2,1,1,2,5,9,1,1,1,1,1,1,1,2,2, ,1,1, , , , , ,5, ,1, ,0,4,21,7,3,Reddit,Epilepsy, ,0, ,1,0,0,25,11,8,1,0,1.75324675324674,-7.7922077922078,5,4.58257569495584,.167553733283113,.903089986991944,2.64575131106459,3,3,0,0,1,0,2,2
5/24/2025 22:45:47,5/24/2025 22:57:57,0,100,729,1,5/24/2025 22:57:58,R_2gBFMkQ4MMRJVKe,anonymous,EN-GB,.899999976158142,1,9, ,1,1,1, , , , , , ,1, , , , , , , , , ,1, , , ,1,1,1,1,0,0,1,1,2,1,6,6,6,1,3,2,6,9,2,2,2,2,3,2,2,2,2, ,1,1, , , , , ,5, ,2,182,4,3,30,15,3,Interpals,Epilepsy, ,0, ,1,0,19.047619047619,41.0714285714286,11,9,1,0,17.8246753246753,11.2554112554112,6.40869944461656,5.47722557505166,1.06220361337893,1.20411998265592,3.87298334620742,3,3,0,0,1,0,2,2
5/25/2025 13:32:59,5/25/2025 13:36:43,0,100,223,1,5/25/2025 13:36:43,R_8dGLd8OAH3k8fZo,anonymous,EN-GB,.899999976158142,1,9, ,1,1,1,1,1, , ,1,1,1, , ,1,1, , , , , , , , , ,1,0,1,0,0,1,2,1,2,1,9,1,1,1,1,5,1,9,1,1,1,1,1,1,1,3,2, ,1,1, , , , , ,5, ,1, ,2,5,19,7,3,Flyer,Epilepsy, ,0, ,1,0,0,21.4285714285714,11,3,1,0,-1.81818181818183,-7.7922077922078,4.62910049886276,4.35889894354067,-.0561230181320527,.903089986991944,2.64575131106459,3,3,0,0,1,0,2,2
5/25/2025 22:44:27,5/25/2025 22:52:28,0,100,480,1,5/25/2025 22:52:28,R_8lrtxjfilHvhIEb,anonymous,EN-GB,.899999976158142,1,9, , , , , ,1, ,1,1, ,1, , ,1, , , ,1, , , , , , ,1,0,1,1,0,0,2,1,2,1,5,5,3,1,1,2,3,9,1,2,2,2,2,2,2,3,2, ,1,1, , , , , ,5, ,1, ,3,4,20,13,3,Flyer,Depression, ,0, ,0,1,14.2857142857143,23.2142857142857,11,6,1,0,-6.0185185185185,-.661375661375668,4.81812055829716,4.47213595499958,-.299357095886094,1.14612803567824,3.60555127546399,3,2,0,1,0,0,2,2
5/26/2025 9:13:17,5/26/2025 9:20:38,0,100,441,1,5/26/2025 9:20:39,R_2Sadv3f5Pzt32wN,anonymous,EN-GB,.899999976158142,1,9, , ,1, ,1, , , ,1, ,1, , , ,1, , , , , , , , , ,1,0,1,1,0,0,3,1,2,1,1,3,2,5,2,7,4,9,2,2,3,3,3,2,3,4,2, ,1,1, , , , , ,5, ,1, ,3,3,24,18,3,Flyer,Depression, ,0, ,0,1,26.1904761904762,30.3571428571429,11,3,1,0,1.12433862433863,11.2433862433862,5.5097316501934,4.89897948556636,.127486434680682,1.27875360095283,4.24264068711928,3,2,0,1,0,0,2,2
5/24/2025 20:23:20,5/24/2025 22:47:23,0,100,8642,1,5/24/2025 22:47:24,R_2HIVdGbqLRrdnZ7,anonymous,EN-GB,.800000011920929,1,9, , ,1,1,1,1, ,1,1,1,1, , ,1,1, ,1, , , , , , , ,1,0,1,0,0,1,2,2,2,1,1,1,1,1,1,1,1,9,1,1,1,1,1,1,1,4,2, ,1,1, , , , , ,5, ,1, ,2,4,7,7,3,Flyer,Control, ,0, ,0,0,0,0,11,5,1,0,-11.8598382749326,-5.12129380053908,0,2.64575131106459,-.992376820484613,.903089986991944,2.64575131106459,3,1,1,0,0,0,2,2
5/26/2025 8:55:27,5/26/2025 9:04:29,0,100,542,1,5/26/2025 9:04:29,R_80jApWC5oFuTT6d,anonymous,EN-GB,.899999976158142,1,9, , , , , ,1, , , , ,1, , , , , , ,1, , , , , , ,0,1,1,0,0,0,2,1,2,1,9,1,1,1,1,3,1,9,1,2,2,2,4,1,3,4,2, ,1,1, , , , , ,5, ,1, ,2,4,17,15,3,Flyer,Epilepsy & Depression, ,0, ,1,1,19.047619047619,17.8571428571429,11,6,1,0,-6.48148148148152,8.77425044091709,4.22577127364258,4.12310562561766,-.349613303988709,1.20411998265592,3.87298334620742,3,4,0,0,0,1,2,2
5/15/2025 15:51:15,5/15/2025 15:56:26,0,100,311,1,5/15/2025 15:56:27,R_8yqnQyn9njYtVZI,anonymous,EN,.800000011920929,1,9, ,1,1,1, , , ,1,1,1, , , ,1,1, ,1, , , , , , , ,1,1,1,1,1,0,2,1,2,1,4,1,1,1,1,1,5,9,2,2,1,1,1,1,2,5,2, ,1,1, , , , , ,5, ,2,66,5,4,14,10,3, ,Epilepsy, ,0, ,1,0,7.14285714285714,12.5,10,5,0,0,-10.7467532467533,-.649350649350657,3.53553390593274,3.74165738677394,-.673364574898785,1.04139268515823,3.16227766016838,3,3,0,0,1,0,2,2
5/25/2025 10:10:05,5/25/2025 10:15:15,0,100,309,1,5/25/2025 10:15:15,R_2mleYJ0UOfLKTpS,anonymous,EN-GB,.899999976158142,1,9, ,1, , , , , , , , , , , , , , , , , ,1, , , , ,1,0,1,0,0,1,3,1,3,1,6,2,3,1,2,7,2,9,2,1,1,2,1,2,3,1,3, ,1, , ,1, , , ,5, ,1, ,2,3,23,12,3,Flyer,Epilepsy, ,0, ,1,0,11.9047619047619,28.5714285714286,2,8,0,0,5.32467532467531,4.1125541125541,5.34522483824849,4.79583152331272,.380809561639992,1.11394335230684,3.46410161513775,1,3,0,0,1,0,3,3
5/19/2025 14:53:37,5/19/2025 14:55:42,0,100,125,1,5/19/2025 14:55:43,R_2Sj1yHBKwC8tvAM,anonymous,EN-GB,.899999976158142,1,9, ,1,1,1, ,1, ,1,1,1, , , ,1,1,1, ,1, , ,1, , , ,1,1,1,1,1,1,1,1,2,1,2,3,2,1,1,1,3,9,1,2,1,1,1,2,2,1,3, ,1,1, ,1, , , ,5, ,1, ,5,4,13,10,3, ,Epilepsy & Depression, ,0, ,1,1,7.14285714285714,10.7142857142857,10,9,0,0,-13.6243386243387,-3.13051146384482,3.27326835353989,3.60555127546399,-.867167654142381,1.04139268515823,3.16227766016838,1,4,0,0,0,1,3,3
5/28/2025 16:16:54,5/28/2025 16:21:42,0,100,287,1,5/28/2025 16:21:42,R_2ibv5bTSWPEru6g,anonymous,EN-GB,.699999988079071,1,9, ,1,1,1,1,1, ,1,1,1, , , ,1, , , , , , ,1, , , ,1,0,1,0,0,1,3,1,2,1,2,3,1,1,1,3,1,9,1,1,1,1,1,1,1,1,3, ,1,1, , , , , ,5, ,1, ,2,4,12,7,3,Flyer,Control, ,0, ,0,0,0,8.92857142857143,10,9,0,0,-2.93126684636118,-5.12129380053908,2.98807152333598,3.46410161513775,-.17402651641145,.903089986991944,2.64575131106459,3,1,1,0,0,0,3,3
5/23/2025 19:06:26,5/23/2025 19:10:01,0,100,214,1,5/23/2025 19:10:01,R_2dQyonLPbDBNc6B,anonymous,EN-GB,.300000011920929,1,9, , ,1,1, ,1, , ,1,1,1, ,1, , , , , , , , , , , ,1,0,1,1,0,1,2,1,2,1,6,1,1,1,1,3,5,9,1,1,1,1,1,1,1,1,3, ,1, , ,1, , , ,5, ,1, ,3,5,18,7,3,Flyer,Epilepsy & Depression, ,0, ,1,1,0,19.6428571428571,11,1,1,0,-4.69576719576724,-10.273368606702,4.43202630213959,4.24264068711928,-.230078242487085,.903089986991944,2.64575131106459,1,4,0,0,0,1,3,3
5/22/2025 21:24:40,5/22/2025 21:28:29,0,100,228,1,5/22/2025 21:28:29,R_23mc43LtbFvhEUo,anonymous,EN-GB,.899999976158142,1,9, ,1,1,1, ,1, , , , ,1, , ,1,1, , , , , , , , , ,0,0,1,1,1,1,3,3,2,1,7,2,1,1,1,1,3,9,2,2,2,3,2,2,3,1,3, ,1, , ,1, , , ,5, ,1, ,3,3,16,16,3,Flyer,Epilepsy & Depression, ,0, ,1,1,21.4285714285714,16.0714285714286,11,3,1,0,-8.2671957671958,11.1552028218695,4.00891862868637,4,-.47271892960637,1.23044892137827,4,1,4,0,0,0,1,3,3
5/26/2025 20:16:49,5/26/2025 20:23:00,0,100,371,1,5/26/2025 20:23:00,R_2llTwQdFOZJkA2E,anonymous,EN-GB,.5,1,9, , ,1,1, ,1, ,1,1,1,1, ,1, ,1, , , , , , , , , ,0,0,1,0,0,1,2,1,2,1,3,1,1,1,1,5,1,9,1,1,1,1,1,1,1,1,3, ,1, , ,1, , , ,5, ,1, ,1,5,13,7,3,Flyer,Control, ,0, ,0,0,0,10.7142857142857,11,3,1,0,-1.14555256064689,-5.12129380053908,3.27326835353989,3.60555127546399,-.0325768560852149,.903089986991944,2.64575131106459,1,1,1,0,0,0,3,3
5/27/2025 1:06:22,5/27/2025 1:10:04,0,100,221,1,5/27/2025 1:10:04,R_2EMagLPiZiPFdHS,anonymous,EN-GB,.800000011920929,1,9, ,1,1,1, , , ,1, ,1,1, , , ,1, , , , , , , , , ,0,0,1,0,1,1,2,1,2,1,3,1,1,1,3,1,1,9,1,1,1,1,1,1,1,1,3, ,1, , ,1, , , ,5, ,1, ,2,5,11,7,3,Flyer,Control, ,0, ,0,0,0,7.14285714285714,11,3,1,0,-4.71698113207546,-5.12129380053908,2.67261241912424,3.3166247903554,-.321503341193804,.903089986991944,2.64575131106459,1,1,1,0,0,0,3,3
5/23/2025 8:52:16,5/23/2025 8:57:30,0,100,314,1,5/23/2025 8:57:31,R_2UGG0ZGNEiHNik9,anonymous,EN-GB,.699999988079071,1,9, , , ,1, , , , ,1,1,1, , , , ,1, , , , , , , , ,1,1,1,1,0,1,2,1,2,1,5,1,1,1,1,5,1,9,1,1,1,1,1,1,1,1,3, ,1, , ,1, , , ,5, ,1, ,4,5,15,7,3,Facebook,Control, ,0, ,0,0,0,14.2857142857143,11,4,1,0,2.42587601078168,-5.12129380053908,3.77964473009227,3.87298334620742,.234855214658213,.903089986991944,2.64575131106459,1,1,1,0,0,0,3,3
5/24/2025 21:19:51,5/24/2025 21:24:03,0,100,251,1,5/24/2025 21:24:03,R_2wKQQMChd0NT5sP,anonymous,EN-GB,.600000023841858,1,9, , ,1,1, , , , ,1,1,1, , , , , , , , , , ,1, , ,1,0,1,0,0,1,2,1,2,1,6,3,3,1,1,2,5,9,2,2,2,2,2,2,2,1,3, ,1, , ,1, , , ,5, ,1, ,2,5,21,14,3,Flyer,Epilepsy, ,0, ,1,0,16.6666666666667,25,11,10,1,0,1.75324675324674,8.87445887445887,5,4.58257569495584,.167553733283113,1.17609125905568,3.74165738677394,1,3,0,0,1,0,3,3
5/24/2025 23:13:17,5/24/2025 23:14:56,0,100,98,1,5/24/2025 23:14:56,R_8dg9jyV97ZKwGWR,anonymous,EN-GB,.800000011920929,1,9, , , , , , ,1,1,1,1,1, , , ,1,1, , , , ,1, , , ,1,0,1,1,1,1,1,1,2,1,7,7,4,1,3,7,7,9,2,2,2,2,1,2,2,2,3, ,1,1, , , , , ,5, ,1, ,4,4,36,13,3,Interpals,Epilepsy, ,0, ,1,0,14.2857142857143,51.7857142857143,11,9,1,0,28.538961038961,6.49350649350649,7.19622917128924,6,1.58497803832727,1.14612803567824,3.60555127546399,3,3,0,0,1,0,3,3
5/24/2025 19:52:08,5/24/2025 19:55:48,0,100,219,1,5/24/2025 19:55:48,R_82hd345SLBtiK6U,anonymous,EN-GB,.200000002980232,1,9, , ,1,1, ,1, ,1,1,1,1, , , , , , ,1, , , , , , ,1,0,1,0,0,1,3,1,3,1,3,1,1,1,1,4,1,9,1,1,1,1,1,1,1,3,3, ,1,1, , , , , ,5, ,1, ,2,3,12,7,3,Flyer,Control, ,0, ,0,0,0,8.92857142857143,11,6,1,0,-2.93126684636118,-5.12129380053908,2.98807152333598,3.46410161513775,-.17402651641145,.903089986991944,2.64575131106459,3,1,1,0,0,0,3,3
5/23/2025 9:42:31,5/23/2025 9:45:17,0,100,165,1,5/23/2025 9:45:17,R_2c0KRDUlD8p1a3L,anonymous,EN-GB,.899999976158142,1,9, ,1,1,1, , , , , , , , , , , , ,1, , , , , , , ,0,0,0,1,0,0,3,3,1,1,1,1,1,1,1,1,1,9,1,1,1,1,1,4,1,1,4,3rd gender,1,1, , , , , ,5, ,1, ,1,1,7,10,3,Reddit,Depression, ,0, ,0,1,7.14285714285714,0,4,5,0,0,-29.2328042328042,-7.80423280423281,0,2.64575131106459,-2.12574173982108,1.04139268515823,3.16227766016838,3,2,0,1,0,0,4,4
5/24/2025 19:54:41,5/24/2025 19:57:32,0,100,170,1,5/24/2025 19:57:32,R_8OqqzfW20Yob6LT,anonymous,EN-GB,.899999976158142,1,9, , ,1,1, ,1, ,1,1,1,1, , , ,1, , , , ,1, , , , ,1,0,1,0,0,1,2,1,2,1,1,1,1,1,1,1,1,9,2,2,2,2,2,2,2,2,4,Transmasc butch,1, ,1, , ,1, ,5, ,1, ,2,5,7,14,3,Flyer,Control, ,0, ,0,0,16.6666666666667,0,11,8,1,0,-11.8598382749326,11.5453728661276,0,2.64575131106459,-.992376820484613,1.17609125905568,3.74165738677394,4,1,1,0,0,0,4,4
5/17/2025 0:07:10,5/17/2025 0:10:37,0,100,206,1,5/17/2025 0:10:38,R_2Iod0ErqiDEh6dA,anonymous,EN-GB,.899999976158142,1,9, ,1,1, , , , , ,1, , , , , , ,1, , , , , , , , ,1,0,1,1,1,0,1,1,1,1,9,2,2,2,1,1,1,9,1,1,1,2,1,1,2,1,1, ,1, , ,1, , , ,4, ,1, ,4,2,18,9,3, ,Epilepsy & Depression, ,0, ,1,1,4.76190476190476,19.6428571428571,9,4,0,0,-4.69576719576724,-5.5114638447972,4.43202630213959,4.24264068711928,-.230078242487085,1,3,1,4,0,0,0,1,1,1
5/22/2025 16:39:13,5/22/2025 16:47:50,0,100,516,1,5/22/2025 16:47:51,R_2l3JQda8mrvz3G3,anonymous,EN-GB,.899999976158142,1,9, ,1,1,1, , , , ,1, ,1, ,1, , , , , , , , , , , ,0,0,1,1,0,0,2,1,2,1,9,2,2,1,1,4,1,9,1,1,1,1,2,1,1,1,1, ,1, , ,1, , , ,4, ,1, ,2,4,20,8,3,Interpals,Epilepsy & Depression, ,0, ,1,1,2.38095238095238,23.2142857142857,11,1,1,0,-1.12433862433866,-7.89241622574958,4.81812055829716,4.47213595499958,-.000582974606790465,.954242509439325,2.82842712474619,1,4,0,0,0,1,1,1
5/15/2025 22:42:31,5/15/2025 22:52:30,0,100,598,1,5/15/2025 22:52:30,R_8q9gENA8HewHTNI,anonymous,EN,.699999988079071,1,9, ,1,1,1, ,1, ,1,1,1,1, , ,1, , , , , , , , , , ,1,0,0,1,0,0,2,1,2,1,2,1,1,1,1,1,7,9,1,1,1,1,1,1,2,1,1, ,1, , ,1, , , ,4, ,1, ,2,4,14,8,3, ,Depression, ,0, ,0,1,2.38095238095238,12.5,11,2,1,0,-16.7328042328042,-12.5661375661376,3.53553390593274,3.74165738677394,-1.02983566411173,.954242509439325,2.82842712474619,1,2,0,1,0,0,1,1
5/24/2025 0:39:51,5/24/2025 0:43:50,0,100,239,1,5/24/2025 0:43:50,R_891ioNn2D94zWAT,anonymous,EN-GB,.600000023841858,1,9, ,1,1,1, , , ,1,1,1,1, , ,1, , , , , , , , , , ,1,0,0,1,0,0,2,1,2,1,9,3,1,3,1,7,1,9,1,1,1,1,2,2,3,1,1, ,1, , ,1, , , ,4, ,1, ,2,4,25,11,3,Reddit,Depression, ,0, ,0,1,9.52380952380952,32.1428571428571,11,2,1,0,2.91005291005293,-5.42328042328043,5.66946709513841,5,.228506949114326,1.07918124604762,3.3166247903554,1,2,0,1,0,0,1,1
5/25/2025 20:11:37,5/25/2025 20:16:30,0,100,292,1,5/25/2025 20:16:30,R_8GxnqiJFRGKqLTu,anonymous,EN-GB,.899999976158142,1,9, ,1,1,1, ,1, ,1,1,1,1, , , , ,1, , , , , , , , ,1,1,1,1,0,1,2,1,2,1,5,2,1,1,1,4,1,9,1,1,1,1,1,1,1,1,1, ,1,1, ,1, , , ,4, ,1, ,4,5,15,7,3,Flyer,Depression, ,0, ,0,1,0,14.2857142857143,11,4,1,0,-14.9470899470899,-14.94708994709,3.77964473009227,3.87298334620742,-.898509704678257,.903089986991944,2.64575131106459,1,2,0,1,0,0,1,1
5/22/2025 18:53:57,5/22/2025 18:59:05,0,100,307,1,5/22/2025 18:59:06,R_2LSRCaIk2PzEnxA,anonymous,EN-GB,.699999988079071,1,9,1, ,1,1,1,1, ,1,1,1,1, ,1, ,1, ,1, , , , , , , ,0,0,1,1,1,0,3,1,2,1,7,1,2,1,1,2,1,9,1,1,1,2,1,1,2,1,1, ,1, , ,1, , , ,4, ,1, ,3,3,15,9,3,Reddit,Control, ,0, ,0,0,4.76190476190476,14.2857142857143,11,5,1,0,2.42587601078168,-.359389038634321,3.77964473009227,3.87298334620742,.234855214658213,1,3,1,1,1,0,0,0,1,1
5/27/2025 6:50:07,5/27/2025 6:55:45,0,100,338,1,5/27/2025 6:55:45,R_2FmzkvUddFzJNGV,anonymous,EN-GB,.699999988079071,1,9, , ,1, ,1,1, ,1,1,1,1, , ,1, , , ,1,1,1,1, , , ,0,0,1,0,1,0,2,1,3,3,6,7,8,4,6,3,7,9,3,3,2,1,3,2,4,1,1, ,1, , ,1, , , ,4, ,1, ,2,2,41,18,3,Flyer,Depression, ,0, ,0,1,26.1904761904762,60.7142857142857,11,9,1,0,31.4814814814815,11.2433862433862,7.7919372247398,6.40312423743285,1.63163118654717,1.27875360095283,4.24264068711928,1,2,0,1,0,0,1,1
5/22/2025 20:40:03,5/22/2025 20:45:59,0,100,356,1,5/22/2025 20:46:00,R_82LiWn8En0uhJIq,anonymous,EN-GB,.899999976158142,1,9, ,1,1, ,1, , , , , , , ,1, , , , , , , , , , , ,0,0,0,1,0,0,1,1,2,1,5,3,1,1,3,2,1,9,2,1,2,1,2,2,2,2,1, ,1,1, ,1, , , ,4, ,2,61,1,3,16,12,3,SurveyCircle,Control, ,0, ,0,0,11.9047619047619,16.0714285714286,5,1,0,0,4.21159029649597,6.78346810422282,4.00891862868637,4,.361871868450796,1.11394335230684,3.46410161513775,1,1,1,0,0,0,1,1
5/27/2025 6:45:09,5/27/2025 6:49:54,0,100,285,1,5/27/2025 6:49:55,R_20PuHhH4NE5ZCS5,anonymous,EN-GB,.5,1,9, , , , , , , , , , ,1, ,1, , , , , , , , , , , ,1,0,1,1,0,0,2,3,2,1,3,3,1,1,1,9,5,9,2,2,2,2,2,3,3,2,1, ,1,1, , , , , ,4, ,1, ,3,3,23,16,3,Flyer,Epilepsy & Depression, ,0, ,1,1,21.4285714285714,28.5714285714286,11,1,1,0,4.23280423280419,11.1552028218695,5.34522483824849,4.79583152331272,.323112593706349,1.23044892137827,4,3,4,0,0,0,1,1,1
5/27/2025 19:52:11,5/27/2025 20:04:10,0,100,719,1,5/27/2025 20:04:11,R_838NSstTpgAsa1B,anonymous,EN-GB,.699999988079071,1,9, ,1,1,1,1,1,1,1,1,1,1, , , ,1, ,1, , , , , , , ,1,1,1,1,0,0,2,1,2,1,8,2,1,5,1,9,2,9,1,1,1,1,1,1,1,2,1, ,1,1, , , , , ,4, ,1, ,4,4,28,7,3,Flyer,Control, ,0, ,0,0,0,37.5,11,5,1,0,25.6401617250674,-5.12129380053908,6.12372435695795,5.29150262212918,1.65337449057998,.903089986991944,2.64575131106459,3,1,1,0,0,0,1,1
5/24/2025 21:59:55,5/24/2025 22:04:48,0,100,293,1,5/24/2025 22:04:49,R_8zBvjeKjkQF2Zxv,anonymous,EN-GB,.899999976158142,1,9, ,1,1,1,1,1, ,1,1,1,1, , ,1,1,1,1,1, , , , , , ,1,0,0,1,0,0,2,1,2,1,7,3,7,1,1,1,7,9,1,1,1,1,2,1,1,2,1, ,1,1, , , , , ,4, ,1, ,2,4,27,8,3,Interpals,Epilepsy, ,0, ,1,0,2.38095238095238,35.7142857142857,11,6,1,0,12.4675324675325,-5.41125541125542,5.97614304667197,5.19615242270663,.781130461033905,.954242509439325,2.82842712474619,3,3,0,0,1,0,1,1
5/22/2025 16:28:29,5/22/2025 16:33:07,0,100,277,1,5/22/2025 16:33:07,R_2Lk7b8YYlYefCgo,anonymous,EN-GB,.899999976158142,1,9, ,1,1, ,1, , , , ,1, , ,1, ,1, ,1, , , , , , , ,1,0,1,1,0,0,1,1,2,1,5,1,1,1,1,1,1,9,2,2,2,2,2,2,2,3,1, ,1,1, , , , , ,4, ,1, ,3,3,11,14,3,Interpals,Control, ,0, ,0,0,16.6666666666667,7.14285714285714,10,5,0,0,-4.71698113207546,11.5453728661276,2.67261241912424,3.3166247903554,-.321503341193804,1.17609125905568,3.74165738677394,3,1,1,0,0,0,1,1
5/26/2025 22:48:31,5/26/2025 22:55:30,0,100,419,1,5/26/2025 22:55:31,R_2THtOUtr9RM0cP9,anonymous,EN-GB,.899999976158142,1,9, ,1,1,1,1,1, ,1,1,1, , ,1, ,1, , , , , , , , , ,1,0,1,0,0,0,2,1,2,1,7,2,2,1,1,1,3,9,2,2,2,1,2,1,2,4,1, ,1,1, , , , , ,4, ,1, ,2,4,17,12,3,Flyer,Epilepsy, ,0, ,1,0,11.9047619047619,17.8571428571429,10,3,0,0,-5.3896103896104,4.1125541125541,4.22577127364258,4.12310562561766,-.291916336055066,1.11394335230684,3.46410161513775,3,3,0,0,1,0,1,1
5/24/2025 19:25:51,5/24/2025 19:30:46,0,100,295,1,5/24/2025 19:30:46,R_24i4hK4pdNVwOxV,anonymous,EN-GB,.899999976158142,1,9, , ,1,1,1, , ,1,1,1, , ,1, , , , , , , , , , , ,0,0,1,0,0,0,2,2,2,1,7,4,2,1,1,2,3,9,1,2,1,3,2,1,3,1,2, ,1, , ,1, , , ,4, ,1, ,1,3,20,13,3,Flyer,Depression, ,0, ,0,1,14.2857142857143,23.2142857142857,10,1,0,0,-6.0185185185185,-.661375661375668,4.81812055829716,4.47213595499958,-.299357095886094,1.14612803567824,3.60555127546399,1,2,0,1,0,0,2,2
5/24/2025 19:20:11,5/24/2025 19:28:05,0,100,474,1,5/24/2025 19:28:05,R_2OV4fK8zNfbvY7D,anonymous,EN-GB,.600000023841858,1,9, , ,1, ,1,1, ,1, , , , , , ,1, , , , , , , , , ,1,0,0,1,0,0,3,1,3,1,9,3,8,2,3,8,6,9,2,2,2,1,3,2,3,1,2, ,1, , ,1, , , ,4, ,1, ,2,2,39,15,3,Flyer,Depression, ,0, ,0,1,19.047619047619,57.1428571428571,8,3,0,0,27.9100529100529,4.10052910052909,7.55928946018454,6.2449979983984,1.47350494751272,1.20411998265592,3.87298334620742,1,2,0,1,0,0,2,2
5/22/2025 23:33:59,5/22/2025 23:37:57,0,100,238,1,5/22/2025 23:37:58,R_8Eme0vgIjnpLnBr,anonymous,EN-GB,.699999988079071,1,9, ,1,1,1,1, , ,1, , , , , , , , , , , ,1, , , , ,1,0,1,0,1,0,1,1,1,1,8,2,5,1,1,5,4,9,2,2,2,2,3,3,3,1,2, ,1,1, ,1, , , ,4, ,1, ,3,2,26,17,3,Reddit,Epilepsy & Depression, ,0, ,1,1,23.8095238095238,33.9285714285714,8,8,0,0,9.58994708994705,13.5361552028218,5.82482372510718,5.09901951359278,.626300583986414,1.25527250510331,4.12310562561766,1,4,0,0,0,1,2,2
5/24/2025 17:48:40,5/24/2025 19:24:35,0,100,5755,1,5/24/2025 19:24:35,R_2WNokimLlByuzKU,anonymous,EN-GB,.5,1,9, , ,1,1,1, , , , , ,1, ,1, , , , , , , , , , , ,1,1,1,0,0,0,2,3,2,1,5,1,1,1,1,4,1,9,1,1,2,1,2,1,2,1,2, ,1, ,1,1, , , ,4, ,0, ,3,3,14,10,3,Flyer,Control, ,0, ,0,0,7.14285714285714,12.5,11,1,1,0,.640161725067394,2.02156334231806,3.53553390593274,3.74165738677394,.103529255224737,1.04139268515823,3.16227766016838,1,1,1,0,0,0,2,2
5/28/2025 16:08:04,5/28/2025 16:40:28,0,100,1944,1,5/28/2025 16:40:29,R_2rMRv39K3Ypam5O,anonymous,EN-GB,.899999976158142,1,9, ,1,1,1,1,1, , ,1, ,1, ,1, , , , , , , , , , , ,1,0,1,0,0,1,2,1,3,1,8,3,3,2,1,2,7,9,1,1,1,2,2,1,2,1,2, ,1,1, ,1, , , ,4, ,1, ,2,4,26,10,3,Facebook,Epilepsy & Depression, ,0, ,1,1,7.14285714285714,33.9285714285714,11,1,1,0,9.58994708994705,-3.13051146384482,5.82482372510718,5.09901951359278,.626300583986414,1.04139268515823,3.16227766016838,1,4,0,0,0,1,2,2
5/25/2025 17:24:56,5/25/2025 17:31:32,0,100,395,1,5/25/2025 17:31:33,R_2maeTigW4FCix4c,anonymous,EN-GB,.899999976158142,1,9, ,1,1, , , , ,1,1,1,1, , ,1, , , , , , , , , , ,0,0,0,0,1,0,1,1,2,1,4,5,2,1,1,3,3,9,2,3,2,2,3,2,2,1,2, ,1, , ,1, , , ,4, ,1, ,1,3,19,16,3,Flyer,Depression, ,0, ,0,1,21.4285714285714,21.4285714285714,11,2,1,0,-7.80423280423279,6.48148148148147,4.62910049886276,4.35889894354067,-.412594107345,1.23044892137827,4,1,2,0,1,0,0,2,2
5/25/2025 22:08:31,5/25/2025 22:17:46,0,100,555,1,5/25/2025 22:17:47,R_8rra7d9f21NWfHL,anonymous,EN-GB,.899999976158142,1,9, ,1,1, ,1, , ,1, , ,1, , , ,1, , , , , , , , , ,0,0,1,1,1,0,2,1,2,1,9,6,2,1,3,8,6,9,1,3,3,2,3,2,3,1,2, ,1, , ,1, , , ,4, ,1, ,3,4,35,17,3,Flyer,Depression, ,0, ,0,1,23.8095238095238,50,11,3,1,0,20.7671957671958,8.86243386243385,7.07106781186548,5.91607978309962,1.14458673221394,1.25527250510331,4.12310562561766,1,2,0,1,0,0,2,2
5/26/2025 20:14:29,5/26/2025 20:19:51,0,100,321,1,5/26/2025 20:19:51,R_24qo4degk14clWf,anonymous,EN-GB,.5,1,9, , , , , , , , , , ,1, , , ,1, , , , ,1, , , , ,1,0,1,0,1,1,1,1,2,1,6,1,7,1,2,1,7,9,1,1,1,1,1,1,1,1,2, ,1, , ,1, , , ,4, ,1, ,3,4,25,7,3,Flyer,Epilepsy & Depression, ,0, ,1,1,0,32.1428571428571,11,8,1,0,7.80423280423277,-10.273368606702,5.66946709513841,5,.52728107039363,.903089986991944,2.64575131106459,1,4,0,0,0,1,2,2
5/22/2025 21:42:31,5/22/2025 21:47:59,0,100,327,1,5/22/2025 21:48:00,R_8hRUv2u6afDY6oA,anonymous,EN-GB,.899999976158142,1,9, , ,1, ,1, , , , , ,1, , , ,1,1, , , , ,1,1, , ,0,1,1,1,0,1,3,1,3,1,9,6,1,1,1,1,2,9,1,2,1,1,2,2,2,1,2, ,1, ,1,1, , , ,4, ,1, ,3,3,21,11,3,Reddit,Epilepsy & Depression, ,0, ,1,1,9.52380952380952,25,11,10,1,0,.661375661375622,-.749559082892436,5,4.58257569495584,.10985676534947,1.07918124604762,3.3166247903554,1,4,0,0,0,1,2,2
5/27/2025 16:51:04,5/27/2025 16:55:39,0,100,274,1,5/27/2025 16:55:39,R_8Nkov7KUYJAV259,anonymous,EN-GB,.600000023841858,1,9, ,1,1, , ,1, , ,1,1, , , ,1,1, , , , , , , , , ,1,0,1,1,0,0,3,1,3,1,8,3,3,3,2,9,1,9,2,2,1,1,2,2,2,2,2, ,1,1, , , , , ,4, ,1, ,3,2,29,12,3,Flyer,Depression, ,0, ,0,1,11.9047619047619,39.2857142857143,10,3,0,0,10.0529100529101,-3.04232804232805,6.26783170528009,5.3851648071345,.61367175624883,1.11394335230684,3.46410161513775,3,2,0,1,0,0,2,2
5/29/2025 18:11:59,5/29/2025 18:16:20,0,100,261,1,5/29/2025 18:16:21,R_2sv90HMKMBJ2PaV,anonymous,EN-GB,.5,1,9, ,1,1, , ,1, ,1,1,1,1, ,1, ,1, , , , , , , , , ,0,0,1,0,0,1,2,1,3,1,2,2,2,1,1,5,2,9,1,1,1,1,1,2,2,2,2, ,1, ,1, , , , ,4, ,1, ,1,4,15,9,3, ,Epilepsy, ,0, ,1,0,4.76190476190476,14.2857142857143,11,3,1,0,-8.96103896103897,-3.03030303030304,3.77964473009227,3.87298334620742,-.54203861546531,1,3,4,3,0,0,1,0,2,2
5/16/2025 12:01:56,5/16/2025 12:07:59,0,100,362,1,5/16/2025 12:07:59,R_8oz2DpFZSlYnv7W,anonymous,EN,.899999976158142,1,9, , ,1,1, ,1, ,1,1,1,1, , ,1, ,1, ,1, , ,1,1,1, ,1,0,1,1,0,0,2,3,3,1,5,5,1,1,1,1,4,9,1,2,2,3,3,3,3,3,2, ,1,1, , , , , ,4, ,1, ,3,2,18,17,3, ,Depression, ,0, ,0,1,23.8095238095238,19.6428571428571,11,11,1,1,-9.58994708994708,8.86243386243385,4.43202630213959,4.24264068711928,-.528852363766389,1.25527250510331,4.12310562561766,3,2,0,1,0,0,2,2
5/26/2025 14:52:19,5/26/2025 14:59:22,0,100,423,1,5/26/2025 14:59:23,R_2sJXtqElEXmWfjb,anonymous,EN-GB,1,1,9, ,1, , ,1, , , ,1,1, , , , , , , , , , , , , ,1,1,0,1,1,0,1,2,1,2,1,8,5,2,1,5,3,1,9,2,2,2,2,3,2,3,5,2, ,1, , , ,1, , ,4, ,2,133,3,5,25,16,3,SurveyCircle,Epilepsy & Depression, ,0, ,1,1,21.4285714285714,32.1428571428571,10, ,0, ,7.80423280423277,11.1552028218695,5.66946709513841,5,.52728107039363,1.23044892137827,4,2,4,0,0,0,1,2,2
5/30/2025 22:10:33,5/30/2025 22:25:18,0,100,885,1,5/30/2025 22:25:19,R_8PoMbq5onZtHWgN,anonymous,EN-GB,.800000011920929,1,9, ,1, ,1, , , ,1,1,1,1, , ,1, , , , , , , , , , ,1,1,1,0,0,0,2,1,2,1,4,4,3,2,3,2,1,9,2,2,2,2,4,4,2,6,2, ,1, , , ,1, , ,4, ,1, ,3,4,19,18,3, ,Depression, ,0, ,0,1,26.1904761904762,21.4285714285714,11,2,1,0,-7.80423280423279,11.2433862433862,4.62910049886276,4.35889894354067,-.412594107345,1.27875360095283,4.24264068711928,2,2,0,1,0,0,2,2
5/26/2025 19:26:01,5/26/2025 19:30:54,0,100,292,1,5/26/2025 19:30:54,R_2KfHIPGvdHy0ZEI,anonymous,EN-GB,.899999976158142,1,9, ,1,1,1, ,1, ,1,1,1,1, , , , , , , , ,1, , , , ,1,0,1,1,0,1,2,1,2,1,7,1,1,1,1,8,1,9,1,1,1,1,1,1,2,1,3, ,1, ,1,1, , , ,4, ,1, ,3,5,20,8,3,Flyer,Epilepsy, ,0, ,1,0,2.38095238095238,23.2142857142857,11,8,1,0,-.0324675324675425,-5.41125541125542,4.81812055829716,4.47213595499958,.057113993326853,.954242509439325,2.82842712474619,1,3,0,0,1,0,3,3
5/24/2025 17:03:40,5/24/2025 17:10:16,0,100,396,1,5/24/2025 17:10:17,R_8kcfkOUY4BY6iVp,anonymous,EN-GB,.899999976158142,1,9, ,1,1,1, ,1,1, ,1,1, , , ,1,1, , ,1,1, , , , , ,1,1,1,0,0,1,2,1,2,1,1,1,1,1,1,1,1,9,1,1,1,1,1,1,1,1,1, ,1, , ,1, , , ,3, ,1, ,3,5,7,7,3,Flyer,Control, ,0, ,0,0,0,0,10,7,0,0,-11.8598382749326,-5.12129380053908,0,2.64575131106459,-.992376820484613,.903089986991944,2.64575131106459,1,1,1,0,0,0,1,1
5/25/2025 22:44:15,5/25/2025 22:46:49,0,100,153,1,5/25/2025 22:46:50,R_1Wx0tX40aJkRenD,anonymous,EN-GB,1,1,9,1,1,1,1,1,1, ,1,1,1,1, , , ,1, ,1, , , , , , , ,1,0,0,1,0,0,2,3,1,1,8,4,6,2,2,4,5,9,2,1,2,2,3,3,3,1,1, ,1, , ,1, , , ,3, ,1, ,2,2,31,16,3,PollPool,Epilepsy, ,0, ,1,0,21.4285714285714,42.8571428571429,11,5,1,0,19.6103896103896,13.6363636363636,6.54653670707977,5.56776436283002,1.15274240115729,1.23044892137827,4,1,3,0,0,1,0,1,1
5/24/2025 21:33:53,5/24/2025 21:35:54,0,100,121,1,5/24/2025 21:35:56,R_8D0HCQJ0gR3pDK2,anonymous,EN-GB,.899999976158142,1,9, , ,1, , , , ,1, , , , ,1, , , , , , , , , , , ,0,1,0,1,0,1,3,1,3,1,8,6,5,3,3,4,8,9,2,3,3,3,2,2,3,3,1, ,1,1, , , , , ,3, ,1, ,2,3,37,18,3,Reddit,Epilepsy, ,0, ,1,0,26.1904761904762,53.5714285714286,8,1,0,0,30.3246753246753,18.3982683982684,7.319250547114,6.08276253029822,1.66774056862549,1.27875360095283,4.24264068711928,3,3,0,0,1,0,1,1
5/19/2025 16:07:29,5/19/2025 16:13:12,0,100,342,1,5/19/2025 16:13:12,R_8YtuelDUlsdKLzX,anonymous,EN-GB,.800000011920929,1,9, , ,1, ,1, , , , , , , ,1, ,1, , , , , , , , , ,1,0,0,1,1,0,3,1,3,1,8,1,2,1,1,8,2,9,2,2,1,1,3,2,2,1,1, ,1, , ,1, , , ,2, ,1, ,3,2,23,13,3,PollPool,Epilepsy, ,0, ,1,0,14.2857142857143,28.5714285714286,5,3,0,0,5.32467532467531,6.49350649350649,5.34522483824849,4.79583152331272,.380809561639992,1.14612803567824,3.60555127546399,1,3,0,0,1,0,1,1
5/25/2025 4:15:25,5/25/2025 4:23:51,0,100,506,1,5/25/2025 4:23:52,R_8QyPucZ3tQgbxcd,anonymous,EN-GB,.899999976158142,1,9, , ,1,1, ,1, , ,1,1, , ,1, , , , , , , , , , , ,1,0,0,0,0,0,2,3,2,1,9,2,1,1,1,2,1,9,1,1,1,1,1,1,2,1,1, ,1,1, , , , , ,2, ,1, ,1,3,17,8,3,Reddit,Epilepsy, ,0, ,1,0,2.38095238095238,17.8571428571429,10,1,0,0,-5.3896103896104,-5.41125541125542,4.22577127364258,4.12310562561766,-.291916336055066,.954242509439325,2.82842712474619,3,3,0,0,1,0,1,1
5/24/2025 13:29:19,5/24/2025 13:33:51,0,100,271,1,5/24/2025 13:33:51,R_2sXUoiOH6ZhBm37,anonymous,EN-GB,.899999976158142,1,9, , , ,1, , , , , , , , , , , ,1, , , , , , , , ,1,0,1,1,1,0,2,1,2,1,7,1,1,4,1,6,3,9,1,2,2,2,2,1,2,1,1, ,1,1, , , , , ,2, ,1, ,4,4,23,12,3,Flyer,Depression, ,0, ,0,1,11.9047619047619,28.5714285714286,4,4,0,0,-.661375661375651,-3.04232804232805,5.34522483824849,4.79583152331272,.0243384724270452,1.11394335230684,3.46410161513775,3,2,0,1,0,0,1,1
5/22/2025 16:40:04,5/22/2025 16:44:25,0,100,261,1,5/22/2025 16:44:26,R_2gjN5P2jhgDx3cE,anonymous,EN-GB,.899999976158142,1,9, , ,1,1, , , ,1,1,1,1, , , ,1, , , , , , , , , ,1,0,1,0,1,1,1,1,2,1,9,1,1,1,1,2,1,9,1,1,1,1,1,1,1,2,1, ,1, ,1, , , , ,2, ,1, ,3,4,16,7,3,Interpals,Depression, ,0, ,0,1,0,16.0714285714286,11,3,1,0,-13.1613756613756,-14.94708994709,4.00891862868637,4,-.771493050885674,.903089986991944,2.64575131106459,4,2,0,1,0,0,1,1
5/22/2025 16:20:51,5/22/2025 16:25:05,0,100,253,1,5/22/2025 16:25:05,R_8Xn6MVQw7G2XEiJ,anonymous,EN-GB,1,1,9, ,1,1,1, , , ,1,1, ,1, ,1, , , , , , , , , , , ,0,0,0,0,0,0,1,1,3,1,9,3,1,1,1,6,1,9,1,1,1,1,2,1,1,3,1, ,1,1, , , , , ,2, ,1, ,0,2,22,8,3,Interpals,Epilepsy & Depression, ,0, ,1,1,2.38095238095238,26.7857142857143,11,1,1,0,2.44708994708991,-7.89241622574958,5.17549169506766,4.69041575982343,.21769683021706,.954242509439325,2.82842712474619,3,4,0,0,0,1,1,1
5/25/2025 13:40:39,5/25/2025 14:01:36,0,100,1256,1,5/25/2025 14:01:36,R_2Cfu2W0TVHkQlvE,anonymous,EN-GB,.600000023841858,1,9,1, , , , , , , , , , , , , , , , , , ,1, , , , ,1,1,1,1,0,0,3,1,3,1,8,5,1,1,1,1,2,9,1,1,1,2,1,1,2,5,1, ,1, , , ,1, , ,2, ,1, ,4,2,19,9,3,Facebook,Epilepsy, ,0, ,1,0,4.76190476190476,21.4285714285714,1,8,0,0,-1.81818181818183,-3.03030303030304,4.62910049886276,4.35889894354067,-.0561230181320527,1,3,2,3,0,0,1,0,1,1
5/28/2025 12:20:29,5/28/2025 12:27:51,0,100,442,1,5/28/2025 12:27:52,R_2CQxYSveurkrsol,anonymous,EN-GB,.899999976158142,1,9, ,1,1, , , , ,1,1,1,1, , , ,1, , , , ,1, , , , ,1,1,1,0,0,0,2,1,2,1,3,4,5,1,1,2,2,9,1,1,1,1,1,1,2,5,1, ,1,1, , , , , ,2, ,1, ,3,4,18,8,3, ,Epilepsy, ,0, ,1,0,2.38095238095238,19.6428571428571,11,8,1,0,-3.60389610389612,-5.41125541125542,4.43202630213959,4.24264068711928,-.172381274553442,.954242509439325,2.82842712474619,3,3,0,0,1,0,1,1
5/24/2025 17:29:22,5/24/2025 17:38:15,0,100,532,1,5/24/2025 17:38:16,R_8fcSCrutQo1wR51,anonymous,EN-GB,.600000023841858,1,9, , , , , , , , , , ,1, , ,1, , , , , , , , , , ,1,0,0,0,0,0,3,1,2,1,8,1,1,1,1,7,1,9,1,1,2,2,2,2,2,6,1, ,1, , , ,1, , ,2, ,1, ,1,3,20,12,3,Flyer,Depression, ,0, ,0,1,11.9047619047619,23.2142857142857,11,2,1,0,-6.0185185185185,-3.04232804232805,4.81812055829716,4.47213595499958,-.299357095886094,1.11394335230684,3.46410161513775,2,2,0,1,0,0,1,1
5/15/2025 3:34:11,5/15/2025 3:36:13,0,100,121,1,5/15/2025 3:36:14,R_9vYamrQbicakfo5,anonymous,EN,.899999976158142,1,9, ,1,1,1,1, , , , , , , , ,1, , , , , , , , , , ,0,0,0,0,0,0,2,3,1,1,6,3,5,2,4,6,5,9,2,3,2,2,3,2,3,1,2, ,1, , ,1, , , ,2, ,1, ,0,2,31,17,3, ,Epilepsy, ,0, ,1,0,23.8095238095238,42.8571428571429,5,2,0,0,19.6103896103896,16.017316017316,6.54653670707977,5.56776436283002,1.15274240115729,1.25527250510331,4.12310562561766,1,3,0,0,1,0,2,2
5/22/2025 22:28:07,5/22/2025 22:32:08,0,100,240,1,5/22/2025 22:32:08,R_2Eg7z9lln9Xrc5P,anonymous,EN-GB,.899999976158142,1,9, ,1,1,1,1, , ,1,1,1,1, , ,1,1, , , , , ,1, , , ,1,0,1,1,1,0,1,1,1,1,9,1,1,1,1,1,4,9,1,2,1,2,3,2,2,2,2, ,1, ,1, , ,1, ,2, ,1, ,4,2,18,13,3,Interpals,Epilepsy & Depression, ,0, ,1,1,14.2857142857143,19.6428571428571,11,9,1,0,-4.69576719576724,4.01234567901233,4.43202630213959,4.24264068711928,-.230078242487085,1.14612803567824,3.60555127546399,4,4,0,0,0,1,2,2
5/30/2025 20:16:08,5/30/2025 20:23:18,0,100,429,1,5/30/2025 20:23:19,R_2ve1IirzgnM93OH,anonymous,EN-GB,.5,1,9, ,1, ,1, ,1, ,1,1, , , , ,1, ,1, ,1, ,1,1, , , ,1,0,1,1,0,0,2,1,3,1,1,1,1,1,1,1,1,9,1,1,1,1,1,1,1,5,2, ,1,1, , , , , ,2, ,1, ,3,3,7,7,3, ,Epilepsy & Depression, ,0, ,1,1,0,0,9,9,0,0,-24.3386243386244,-10.273368606702,0,2.64575131106459,-1.82696761854178,.903089986991944,2.64575131106459,3,4,0,0,0,1,2,2
5/27/2025 8:07:44,5/27/2025 8:18:46,0,100,662,1,5/27/2025 8:18:47,R_8IzCyj3hHy1BnSV,anonymous,EN-GB,.800000011920929,1,9, , , , ,1, , , , , ,1, , ,1, ,1,1,1, ,1, ,1,1, ,1,0,1,1,1,0,3,1,3,1,7,3,1,1,3,3,3,9,1,2,1,1,1,1,2,5,2, ,1, , , , ,1, ,2,CSE low grade,1, ,4,2,21,9,3,Facebook,Epilepsy, ,0, ,1,0,4.76190476190476,25,11,11,1,1,1.75324675324674,-3.03030303030304,5,4.58257569495584,.167553733283113,1,3,5,3,0,0,1,0,2,2
